prediction_week,scenario,FORECAST_POINT,START_OF_WEEK,FORECAST_DISTANCE,SKILL_OFFERED_SUM (actual)_PREDICTION,EXPLANATION_1_FEATURE_NAME,EXPLANATION_1_STRENGTH,EXPLANATION_1_ACTUAL_VALUE,EXPLANATION_1_QUALITATIVE_STRENGTH,EXPLANATION_2_FEATURE_NAME,EXPLANATION_2_STRENGTH,EXPLANATION_2_ACTUAL_VALUE,EXPLANATION_2_QUALITATIVE_STRENGTH,EXPLANATION_3_FEATURE_NAME,EXPLANATION_3_STRENGTH,EXPLANATION_3_ACTUAL_VALUE,EXPLANATION_3_QUALITATIVE_STRENGTH,EXPLANATION_4_FEATURE_NAME,EXPLANATION_4_STRENGTH,EXPLANATION_4_ACTUAL_VALUE,EXPLANATION_4_QUALITATIVE_STRENGTH,EXPLANATION_5_FEATURE_NAME,EXPLANATION_5_STRENGTH,EXPLANATION_5_ACTUAL_VALUE,EXPLANATION_5_QUALITATIVE_STRENGTH,EXPLANATION_6_FEATURE_NAME,EXPLANATION_6_STRENGTH,EXPLANATION_6_ACTUAL_VALUE,EXPLANATION_6_QUALITATIVE_STRENGTH,EXPLANATION_7_FEATURE_NAME,EXPLANATION_7_STRENGTH,EXPLANATION_7_ACTUAL_VALUE,EXPLANATION_7_QUALITATIVE_STRENGTH,EXPLANATION_8_FEATURE_NAME,EXPLANATION_8_STRENGTH,EXPLANATION_8_ACTUAL_VALUE,EXPLANATION_8_QUALITATIVE_STRENGTH,EXPLANATION_9_FEATURE_NAME,EXPLANATION_9_STRENGTH,EXPLANATION_9_ACTUAL_VALUE,EXPLANATION_9_QUALITATIVE_STRENGTH,EXPLANATION_10_FEATURE_NAME,EXPLANATION_10_STRENGTH,EXPLANATION_10_ACTUAL_VALUE,EXPLANATION_10_QUALITATIVE_STRENGTH,DEPLOYMENT_APPROVAL_STATUS,ASSOCIATION_ID,forecast_step,YEAR,MONTH,DAY_OF_YEAR,WEEK_OF_YEAR,SKILL,SKILL_OFFERED_SUM,ASA,Nieuwjaarsdag,1e Paasdag,2e Paasdag,Koningsdag,Hemelvaartsdag,1e Pinksterdag,2e Pinksterdag,1e Kerstdag,2e Kerstdag,Bevrijdingsdag,Holidays,Voorjaar,Mei,Zomer,Herfst,Kerst,Vacations,Black Friday,Cyber Monday,SpecialDays,NEW CUSTOMER,MIGRATION WITH CPE,MIGRATION WITHOU CPE,CHURN,TECH SWAP,MSTB,ADDON,BASE/STEADY,BASE,MESSAGINGINDICATOR
2026-04-06,planned,2026-04-06T00:00:00Z,2026-04-13,1,42637.69921875,MSTB (actual),-1770.1,544.0,---,Vacations (6 week max),-1017.16171875,0.0,--,TECH SWAP (actual),1004.485546875,5485.0,++,ASA (actual),-820.6671875,60.0,--,SKILL_OFFERED_SUM (3rd lag),753.708203125,42502.0,++,SKILL_OFFERED_SUM (5th lag),747.25078125,42507.0,++,CHURN (actual),725.346484375,15029.0,++,SKILL_OFFERED_SUM (acceleration),667.30625,-10065.0,++,START_OF_WEEK (Month) (actual),-580.01875,4.0,--,WEEK_OF_YEAR (6 week mean),-431.816015625,12.5,--,APPROVED,TECH_2026-04-13,1,2026,4,103,16,TECH,,60,0,0,0,0,0,0,0,0,0,0,0,0,0,0,0,0,0,0,0,0,12506,9012,30359,15029,5485,544,12695,2720961,2806591,10
2026-04-06,planned,2026-04-06T00:00:00Z,2026-04-20,2,42279.66796875,MSTB (actual),-1770.103125,544.0,---,Vacations (6 week max),-1017.16171875,0.0,--,TECH SWAP (actual),1004.481640625,5485.0,++,ASA (actual),-867.46953125,60.0,--,SKILL_OFFERED_SUM (acceleration),792.3515625,-10065.0,++,SKILL_OFFERED_SUM (3rd lag),772.876171875,42502.0,++,SKILL_OFFERED_SUM (5th lag),747.25,42507.0,++,CHURN (actual),725.344921875,15029.0,++,START_OF_WEEK (Month) (actual),-580.01953125,4.0,--,SKILL_OFFERED_SUM (4th lag),-539.754296875,40074.0,--,APPROVED,TECH_2026-04-20,2,2026,4,110,17,TECH,,60,0,0,0,0,0,0,0,0,0,0,0,0,9,0,0,0,9,0,0,0,12506,9012,30337,15029,5485,544,12695,2718368,2803976,10
2026-04-06,planned,2026-04-06T00:00:00Z,2026-04-27,3,43489.109375,TECH SWAP (actual),1180.048828125,5063.0,++,Vacations (6 week max),-1017.16171875,0.0,--,SKILL_OFFERED_SUM (acceleration),918.998046875,-10065.0,++,DAY_OF_YEAR (actual),756.2984375,117.0,++,SKILL_OFFERED_SUM (5th lag),747.25,42507.0,++,SKILL_OFFERED_SUM (3rd lag),717.61171875,42502.0,++,ASA (actual),-602.221875,60.0,--,START_OF_WEEK (Month) (actual),-580.01953125,4.0,--,CHURN (actual),526.99765625,13578.0,++,START_OF_WEEK (Day of Month) (actual),412.65390625,27.0,++,APPROVED,TECH_2026-04-27,3,2026,4,117,18,TECH,,60,0,0,0,3,0,0,0,0,0,0,3,0,54,0,0,0,54,0,0,0,11523,8315,30316,13578,5063,502,11585,2717732,2798614,10
2026-04-06,planned,2026-04-06T00:00:00Z,2026-05-04,4,43074.5546875,MSTB (actual),-1944.1390625,540.0,---,TECH SWAP (actual),1084.389453125,5419.0,++,Vacations (6 week max),-1017.16171875,0.0,--,ASA (actual),-806.50859375,60.0,--,SKILL_OFFERED_SUM (3rd lag),770.312109375,42502.0,++,SKILL_OFFERED_SUM (5th lag),733.5984375,42507.0,++,CHURN (actual),725.34296875,13377.0,++,SKILL_OFFERED_SUM (acceleration),477.9421875,-10065.0,++,SKILL_OFFERED_SUM (4th lag),-471.47890625,40074.0,--,WEEK_OF_YEAR (6 week mean),-421.838671875,12.5,-,APPROVED,TECH_2026-05-04,4,2026,5,124,19,TECH,,60,0,0,0,0,0,0,0,0,0,0,0,0,0,0,0,0,0,0,0,0,12257,8874,30312,13377,5419,540,12082,2715718,2798579,10
2026-04-06,planned,2026-04-06T00:00:00Z,2026-05-11,5,43389.484375,TECH SWAP (actual),1166.851171875,5419.0,++,Vacations (6 week max),-1017.16171875,0.0,--,DAY_OF_YEAR (actual),824.94140625,131.0,++,SKILL_OFFERED_SUM (5th lag),747.25078125,42507.0,++,SKILL_OFFERED_SUM (3rd lag),742.868359375,42502.0,++,CHURN (actual),725.34453125,13377.0,++,ASA (actual),-665.5359375,60.0,--,MSTB (actual),-625.07109375,540.0,--,SKILL_OFFERED_SUM (acceleration),512.62578125,-10065.0,++,SKILL_OFFERED_SUM (naive latest value),345.138671875,37003.0,+,APPROVED,TECH_2026-05-11,5,2026,5,131,20,TECH,,60,0,0,0,0,3,0,0,0,0,0,3,0,0,0,0,0,0,0,0,0,12257,8874,30309,13377,5419,540,12082,2714053,2796911,10
2026-04-06,planned,2026-04-06T00:00:00Z,2026-05-18,6,42773.59765625,MSTB (actual),-2045.48828125,540.0,---,TECH SWAP (actual),1071.186328125,5419.0,++,Vacations (6 week max),-1017.16171875,0.0,--,ASA (actual),-867.46953125,60.0,--,SKILL_OFFERED_SUM (3rd lag),762.036328125,42502.0,++,SKILL_OFFERED_SUM (5th lag),747.25,42507.0,++,CHURN (actual),615.36484375,13377.0,++,DAY_OF_YEAR (actual),-603.17578125,138.0,--,SKILL_OFFERED_SUM (4th lag),-454.967578125,40074.0,--,SKILL_OFFERED_SUM (acceleration),427.601953125,-10065.0,+,APPROVED,TECH_2026-05-18,6,2026,5,138,21,TECH,,60,0,0,0,0,0,1,0,0,0,0,1,0,0,0,0,0,0,0,0,0,12257,8874,30303,13377,5419,540,12082,2712388,2795240,10
2026-04-06,planned,2026-04-06T00:00:00Z,2026-05-25,7,42138.7734375,TECH SWAP (actual),1166.851171875,5419.0,++,Vacations (6 week max),-1017.16171875,0.0,--,ASA (actual),-834.02265625,60.0,--,SKILL_OFFERED_SUM (5th lag),747.25078125,42507.0,++,SKILL_OFFERED_SUM (3rd lag),706.775,42502.0,++,MSTB (actual),-664.0609375,540.0,--,START_OF_WEEK (Day of Month) (actual),-475.90234375,25.0,--,SKILL_OFFERED_SUM (acceleration),427.605078125,-10065.0,++,CHURN (actual),417.02265625,13377.0,++,SKILL_OFFERED_SUM (naive latest value),345.138671875,37003.0,++,APPROVED,TECH_2026-05-25,7,2026,5,145,22,TECH,,60,0,0,0,0,0,0,3,0,0,0,3,0,0,0,0,0,0,0,0,0,12257,8874,30300,13377,5419,540,12082,2710723,2793572,10
2026-04-06,planned,2026-04-06T00:00:00Z,2026-06-01,8,43065.22265625,MSTB (actual),-2219.52421875,542.0,---,DAY_OF_YEAR (actual),-1307.475,152.0,--,TECH SWAP (actual),1187.44765625,5410.0,++,Vacations (6 week max),-1017.16171875,0.0,--,ASA (actual),-956.764453125,60.0,--,MIGRATION WITH CPE (actual),944.8125,11037.0,++,SKILL_OFFERED_SUM (3rd lag),873.672265625,42502.0,++,CHURN (actual),795.252734375,12609.0,++,SKILL_OFFERED_SUM (5th lag),733.5984375,42507.0,++,WEEK_OF_YEAR (6 week mean),-480.531640625,12.5,-,APPROVED,TECH_2026-06-01,8,2026,6,152,23,TECH,,60,0,0,0,0,0,0,0,0,0,0,0,0,0,0,0,0,0,0,0,0,12142,11037,30300,12609,5410,542,11693,2710196,2793929,10
2026-04-06,planned,2026-04-06T00:00:00Z,2026-06-08,9,42136.05078125,DAY_OF_YEAR (actual),-2213.60078125,159.0,---,MSTB (actual),-2045.48828125,542.0,--,TECH SWAP (actual),1187.44765625,5410.0,++,Vacations (6 week max),-1017.16171875,0.0,--,ASA (actual),-956.764453125,60.0,--,MIGRATION WITH CPE (actual),944.8125,11037.0,++,CHURN (actual),795.252734375,12609.0,++,SKILL_OFFERED_SUM (5th lag),663.740625,42507.0,++,WEEK_OF_YEAR (6 week mean),-452.366015625,12.5,-,SKILL_OFFERED_SUM (4th lag),-449.03125,40074.0,-,APPROVED,TECH_2026-06-08,9,2026,6,159,24,TECH,,60,0,0,0,0,0,0,0,0,0,0,0,0,0,0,0,0,0,0,0,0,12142,11037,30300,12609,5410,542,11693,2709098,2792831,10
2026-04-06,planned,2026-04-06T00:00:00Z,2026-06-15,10,42014.12890625,DAY_OF_YEAR (actual),-2171.4875,166.0,---,MSTB (actual),-2045.48828125,542.0,--,TECH SWAP (actual),1187.44765625,5410.0,++,ASA (actual),-1017.725390625,60.0,--,Vacations (6 week max),-1017.16171875,0.0,--,MIGRATION WITH CPE (actual),944.8125,11037.0,++,CHURN (actual),795.252734375,12609.0,++,SKILL_OFFERED_SUM (5th lag),663.740625,42507.0,++,SKILL_OFFERED_SUM (4th lag),-464.054296875,40074.0,-,WEEK_OF_YEAR (6 week mean),-425.925390625,12.5,-,APPROVED,TECH_2026-06-15,10,2026,6,166,25,TECH,,60,0,0,0,0,0,0,0,0,0,0,0,0,0,0,0,0,0,0,0,0,12142,11037,30303,12609,5410,542,11693,2708001,2791737,10
2026-04-06,planned,2026-04-06T00:00:00Z,2026-06-22,11,42146.93359375,DAY_OF_YEAR (actual),-2171.4875,173.0,---,MSTB (actual),-2045.48828125,542.0,--,TECH SWAP (actual),1187.44765625,5410.0,++,ASA (actual),-1017.725390625,60.0,--,Vacations (6 week max),-1017.16171875,0.0,--,MIGRATION WITH CPE (actual),944.8125,11037.0,++,SKILL_OFFERED_SUM (5th lag),663.740625,42507.0,++,CHURN (actual),596.908984375,12609.0,++,SKILL_OFFERED_SUM (4th lag),-520.11484375,40074.0,-,SKILL_OFFERED_SUM (acceleration),427.596484375,-10065.0,+,APPROVED,TECH_2026-06-22,11,2026,6,173,26,TECH,,60,0,0,0,0,0,0,0,0,0,0,0,0,0,0,0,0,0,0,0,0,12142,11037,30303,12609,5410,542,11693,2706902,2790638,10
2026-04-06,planned,2026-04-06T00:00:00Z,2026-06-29,12,41543.90625,DAY_OF_YEAR (actual),-2333.015234375,180.0,--,MSTB (actual),-2084.478125,487.0,--,MIGRATION WITH CPE (actual),1679.2765625,12695.0,++,WEEK_OF_YEAR (6 week mean),-1174.741015625,12.5,--,Vacations (6 week max),-988.396875,0.0,--,ASA (actual),-894.650390625,60.0,--,TECH SWAP (actual),-816.23046875,4817.0,--,SKILL_OFFERED_SUM (5th lag),663.740625,42507.0,++,CHURN (actual),622.323046875,11270.0,++,Zomer (actual),497.85345625,3.0,+,APPROVED,TECH_2026-06-29,12,2026,6,180,27,TECH,,60,0,0,0,0,0,0,0,0,0,0,0,0,0,3,0,0,3,0,0,0,11068,12695,30309,11270,4817,487,11055,2707558,2789259,10
2026-04-06,planned,2026-04-06T00:00:00Z,2026-07-06,13,43310.640625,DAY_OF_YEAR (actual),-2333.008984375,187.0,--,MIGRATION WITH CPE (actual),2267.41015625,15096.0,++,MSTB (actual),-2102.05078125,524.0,--,TECH SWAP (actual),1187.453125,5185.0,++,Vacations (6 week max),-1017.16171875,0.0,--,ASA (actual),-957.964453125,60.0,--,CHURN (actual),782.052734375,12227.0,++,SKILL_OFFERED_SUM (5th lag),624.31875,42507.0,++,ADDON (actual),492.80546875,12227.0,+,SKILL_OFFERED_SUM (4th lag),-468.183984375,40074.0,-,APPROVED,TECH_2026-07-06,13,2026,7,187,28,TECH,,60,0,0,0,0,0,0,0,0,0,0,0,0,0,21,0,0,21,0,0,0,12039,15096,30311,12227,5185,524,12227,2705443,2793052,10
2026-04-06,actual,2026-04-06T00:00:00Z,2026-04-13,1,37554.83203125,ASA (actual),-1808.094140625,15.0,--,MSTB (actual),-1552.46875,811.0,--,2e Paasdag (6 week fraction equal 3),-1240.1181914063,0.1666666666666666,--,SKILL_OFFERED_SUM (3rd lag),1042.762890625,42502.0,++,SKILL_OFFERED_SUM (6 week std),-960.51484375,2309.10620515096,--,NEW CUSTOMER (actual),-880.289453125,7471.0,--,SKILL_OFFERED_SUM (naive latest value),-812.442578125,37003.0,--,CHURN (actual),-800.59453125,7818.0,--,ADDON (actual),-734.923828125,2109.0,--,MIGRATION WITH CPE (actual),-706.989453125,2862.0,--,APPROVED,TECH_2026-04-13,1,2026,4,103,16,TECH,,15,0,0,0,0,0,0,0,0,0,0,0,0,0,0,0,0,0,0,0,0,7471,2862,6346,7818,6374,811,2109,"2792581,429","2826372,429",10
2026-04-06,actual,2026-04-06T00:00:00Z,2026-04-20,2,39210.12109375,MSTB (actual),-1487.7046875,727.0,--,ASA (actual),-1482.1640625,29.0,--,2e Paasdag (6 week fraction equal 3),-1240.1181914062,0.1666666666666666,--,SKILL_OFFERED_SUM (3rd lag),1061.931640625,42502.0,++,SKILL_OFFERED_SUM (6 week std),-1045.01796875,2309.10620515096,--,SKILL_OFFERED_SUM (naive latest value),-1006.118359375,37003.0,--,WEEK_OF_YEAR (6 week mean),925.980859375,12.5,++,TECH SWAP (actual),753.669140625,6308.0,++,DAY_OF_YEAR (actual),-610.80390625,110.0,--,START_OF_WEEK (Month) (actual),-590.167578125,4.0,--,APPROVED,TECH_2026-04-20,2,2026,4,110,17,TECH,,29,0,0,0,0,0,0,0,0,0,0,0,0,9,0,0,0,9,0,0,0,8048,2807,6397,7229,6308,727,2018,2788815,2822349,10
2026-04-06,actual,2026-04-06T00:00:00Z,2026-04-27,3,39255.76171875,SKILL_OFFERED_SUM (6 week std),-1134.678125,2309.10620515096,--,ASA (actual),-1055.09765625,31.0,--,TECH SWAP (actual),-1028.223046875,4768.0,--,SKILL_OFFERED_SUM (3rd lag),1006.6671875,42502.0,++,SKILL_OFFERED_SUM (acceleration),876.851953125,-10065.0,++,SKILL_OFFERED_SUM (naive latest value),-873.1515625,37003.0,--,MIGRATION WITH CPE (actual),-748.3734375,2263.0,--,DAY_OF_YEAR (actual),692.86015625,117.0,++,ADDON (actual),-682.896484375,1574.0,--,2e Paasdag (6 week fraction equal 3),-543.0582929688,0.1666666666666666,--,APPROVED,TECH_2026-04-27,3,2026,4,117,18,TECH,,31,0,0,0,3,0,0,0,0,0,0,3,0,54,0,0,0,54,0,0,0,9829,2263,4859,10264,4768,496,1574,"2786745,857","2820798,857",10
2026-04-06,actual,2026-04-06T00:00:00Z,2026-05-04,4,45218.5546875,MIGRATION WITH CPE (actual),2068.4046875,17227.0,++,MSTB (actual),-1944.1390625,541.0,--,TECH SWAP (actual),1084.387890625,5430.0,++,Vacations (6 week max),-1017.16171875,0.0,--,SKILL_OFFERED_SUM (3rd lag),920.750390625,42502.0,++,CHURN (actual),891.84453125,12563.0,++,ASA (actual),-771.344140625,33.0,--,SKILL_OFFERED_SUM (5th lag),746.88359375,42507.0,++,SKILL_OFFERED_SUM (4th lag),-550.165234375,40074.0,--,WEEK_OF_YEAR (6 week mean),-389.858203125,12.5,-,APPROVED,TECH_2026-05-04,4,2026,5,124,19,TECH,,33,0,0,0,0,0,0,0,0,0,0,0,0,0,0,0,0,0,0,0,0,12229,17227,25969,12563,5430,541,12016,2733387,2819362,10
2026-04-06,actual,2026-04-06T00:00:00Z,2026-05-11,5,45121.39453125,MIGRATION WITH CPE (actual),2865.68125,17227.0,+++,TECH SWAP (actual),1166.847265625,5430.0,++,ASA (actual),-1042.461328125,22.0,--,Vacations (6 week max),-1017.16171875,0.0,--,CHURN (actual),973.60546875,12563.0,++,SKILL_OFFERED_SUM (3rd lag),893.306640625,42502.0,++,DAY_OF_YEAR (actual),780.8140625,131.0,++,SKILL_OFFERED_SUM (5th lag),700.8890625,42507.0,++,MSTB (actual),-625.07109375,541.0,--,SKILL_OFFERED_SUM (naive latest value),507.126171875,37003.0,+,APPROVED,TECH_2026-05-11,5,2026,5,131,20,TECH,,22,0,0,0,0,3,0,0,0,0,0,3,0,0,0,0,0,0,0,0,0,12229,17227,25966,12563,5430,541,12016,2732232,2818204,10
2026-04-06,actual,2026-04-06T00:00:00Z,2026-05-18,6,44505.5078125,MIGRATION WITH CPE (actual),2865.6765625,17227.0,+++,MSTB (actual),-2045.48828125,541.0,--,ASA (actual),-1244.394921875,22.0,--,TECH SWAP (actual),1071.184765625,5430.0,++,Vacations (6 week max),-1017.16171875,0.0,--,SKILL_OFFERED_SUM (3rd lag),912.474609375,42502.0,++,CHURN (actual),863.62578125,12563.0,++,SKILL_OFFERED_SUM (5th lag),700.88828125,42507.0,++,DAY_OF_YEAR (actual),-647.303125,138.0,--,SKILL_OFFERED_SUM (4th lag),-627.419921875,40074.0,--,APPROVED,TECH_2026-05-18,6,2026,5,138,21,TECH,,22,0,0,0,0,0,1,0,0,0,0,1,0,0,0,0,0,0,0,0,0,12229,17227,25961,12563,5430,541,12016,2731077,2817044,10
2026-04-06,actual,2026-04-06T00:00:00Z,2026-05-25,7,44204.87890625,MIGRATION WITH CPE (actual),2236.3796875,17227.0,+++,TECH SWAP (actual),1166.847265625,5430.0,++,Vacations (6 week max),-1017.16171875,0.0,--,ASA (actual),-876.752734375,53.0,--,SKILL_OFFERED_SUM (5th lag),747.25078125,42507.0,++,SKILL_OFFERED_SUM (3rd lag),706.77265625,42502.0,++,MSTB (actual),-664.0609375,541.0,--,CHURN (actual),596.910546875,12563.0,++,START_OF_WEEK (Day of Month) (actual),-475.90390625,25.0,--,SKILL_OFFERED_SUM (naive latest value),345.133203125,37003.0,+,APPROVED,TECH_2026-05-25,7,2026,5,145,22,TECH,,53,0,0,0,0,0,0,3,0,0,0,3,0,0,0,0,0,0,0,0,0,12229,17227,25953,12563,5430,541,12016,2729921,2815880,10
2026-04-06,actual,2026-04-06T00:00:00Z,2026-06-01,8,44657.05078125,MIGRATION WITH CPE (actual),2236.375,16055.0,++,MSTB (actual),-2219.52421875,543.0,--,DAY_OF_YEAR (actual),-1307.47109375,152.0,--,TECH SWAP (actual),1187.44921875,5416.0,++,SKILL_OFFERED_SUM (3rd lag),1024.115234375,42502.0,++,Vacations (6 week max),-1017.16171875,0.0,--,CHURN (actual),795.254296875,12069.0,++,SKILL_OFFERED_SUM (5th lag),746.88359375,42507.0,++,ASA (actual),-656.496484375,44.0,--,SKILL_OFFERED_SUM (4th lag),-465.378515625,40074.0,-,APPROVED,TECH_2026-06-01,8,2026,6,152,23,TECH,,44,0,0,0,0,0,0,0,0,0,0,0,0,0,0,0,0,0,0,0,0,12097,16055,25961,12069,5416,543,11486,2729629,2813256,10
2026-04-06,actual,2026-04-06T00:00:00Z,2026-06-08,9,45414.45703125,MIGRATION WITH CPE (actual),2364.557421875,16055.0,++,DAY_OF_YEAR (actual),-2105.60390625,159.0,--,MSTB (actual),-2045.48828125,543.0,--,TECH SWAP (actual),1187.44765625,5416.0,++,ASA (actual),1030.081640625,173.0,++,Vacations (6 week max),-1017.16171875,0.0,--,CHURN (actual),945.827734375,12069.0,++,SKILL_OFFERED_SUM (5th lag),663.740625,42507.0,++,SKILL_OFFERED_SUM (4th lag),-465.378125,40074.0,-,SKILL_OFFERED_SUM (naive latest value),434.155078125,37003.0,+,APPROVED,TECH_2026-06-08,9,2026,6,159,24,TECH,,173,0,0,0,0,0,0,0,0,0,0,0,0,0,0,0,0,0,0,0,0,12097,16055,25966,12069,5416,543,11486,2728691,2812323,10
2026-04-06,actual,2026-04-06T00:00:00Z,2026-06-15,10,43605.95703125,MIGRATION WITH CPE (actual),2236.375,16055.0,++,DAY_OF_YEAR (actual),-2171.484375,166.0,--,MSTB (actual),-2045.48828125,543.0,--,TECH SWAP (actual),1187.44921875,5416.0,++,Vacations (6 week max),-1017.16171875,0.0,--,CHURN (actual),795.254296875,12069.0,++,ASA (actual),-717.457421875,45.0,--,SKILL_OFFERED_SUM (5th lag),677.02578125,42507.0,++,SKILL_OFFERED_SUM (3rd lag),496.817578125,42502.0,+,SKILL_OFFERED_SUM (4th lag),-480.4015625,40074.0,-,APPROVED,TECH_2026-06-15,10,2026,6,166,25,TECH,,45,0,0,0,0,0,0,0,0,0,0,0,0,0,0,0,0,0,0,0,0,12097,16055,25975,12069,5416,543,11486,2727751,2811392,10
2026-04-06,actual,2026-04-06T00:00:00Z,2026-06-22,11,43738.76171875,MIGRATION WITH CPE (actual),2236.375,16055.0,++,DAY_OF_YEAR (actual),-2171.484375,173.0,--,MSTB (actual),-2045.48828125,543.0,--,TECH SWAP (actual),1187.44921875,5416.0,++,Vacations (6 week max),-1017.16171875,0.0,--,ASA (actual),-717.457421875,45.0,--,SKILL_OFFERED_SUM (5th lag),677.02578125,42507.0,++,CHURN (actual),596.910546875,12069.0,++,SKILL_OFFERED_SUM (4th lag),-536.462109375,40074.0,-,SKILL_OFFERED_SUM (3rd lag),515.986328125,42502.0,+,APPROVED,TECH_2026-06-22,11,2026,6,173,26,TECH,,45,0,0,0,0,0,0,0,0,0,0,0,0,0,0,0,0,0,0,0,0,12097,16055,25979,12069,5416,543,11486,2726811,2810456,10
2026-04-06,actual,2026-04-06T00:00:00Z,2026-06-29,12,42061.4375,DAY_OF_YEAR (actual),-2333.009765625,180.0,--,MSTB (actual),-2084.475,485.0,--,MIGRATION WITH CPE (actual),1679.2828125,13994.0,++,WEEK_OF_YEAR (6 week mean),-1174.738671875,12.5,--,Vacations (6 week max),-988.396875,0.0,--,CHURN (actual),839.588671875,11029.0,++,TECH SWAP (actual),-816.2265625,4822.0,--,SKILL_OFFERED_SUM (5th lag),677.028125,42507.0,++,ASA (actual),-594.382421875,45.0,--,Zomer (actual),497.8538351562,3.0,+,APPROVED,TECH_2026-06-29,12,2026,6,180,27,TECH,,45,0,0,0,0,0,0,0,0,0,0,0,0,0,3,0,0,3,0,0,0,11002,13994,25984,11029,4822,485,10843,2727167,2805326,10
2026-04-06,actual,2026-04-06T00:00:00Z,2026-07-06,13,42914.21875,DAY_OF_YEAR (actual),-2333.008984375,187.0,---,MSTB (actual),-2102.05078125,525.0,--,MIGRATION WITH CPE (actual),1570.72265625,14916.0,++,TECH SWAP (actual),1187.453125,5194.0,++,Vacations (6 week max),-1017.16171875,0.0,--,CHURN (actual),782.052734375,12105.0,++,ASA (actual),-657.698828125,45.0,--,SKILL_OFFERED_SUM (5th lag),637.60390625,42507.0,++,ADDON (actual),492.80546875,11980.0,+,SKILL_OFFERED_SUM (4th lag),-468.183984375,40074.0,-,APPROVED,TECH_2026-07-06,13,2026,7,187,28,TECH,,45,0,0,0,0,0,0,0,0,0,0,0,0,0,21,0,0,21,0,0,0,11956,14916,25988,12105,5194,525,11980,2724981,2807645,10
2026-04-13,planned,2026-04-13T00:00:00Z,2026-04-20,1,37579.68359375,MSTB (actual),-2266.671484375,544.0,---,SKILL_OFFERED_SUM (acceleration),-1844.998046875,21909.0,--,TECH SWAP (actual),1544.83203125,5485.0,++,DAY_OF_YEAR (actual),-1007.617578125,110.0,--,Vacations (6 week max),-975.790234375,0.0,--,SKILL_OFFERED_SUM (5th lag),-961.204296875,40074.0,--,ASA (actual),-815.08125,60.0,--,WEEK_OF_YEAR (6 week mean),-765.78671875,13.5,--,MIGRATION WITHOU CPE (actual),-446.50625,30337.0,-,SKILL_OFFERED_SUM (3rd lag),432.41796875,42801.0,+,APPROVED,TECH_2026-04-20,1,2026,4,110,17,TECH,,60,0,0,0,0,0,0,0,0,0,0,0,0,9,0,0,0,9,0,0,0,12506,9012,30337,15029,5485,544,12695,2718368,2803976,10
2026-04-13,planned,2026-04-13T00:00:00Z,2026-04-27,2,36784.1484375,SKILL_OFFERED_SUM (acceleration),-2120.53984375,21909.0,---,TECH SWAP (actual),1640.49296875,5063.0,++,Vacations (6 week max),-975.790234375,0.0,--,SKILL_OFFERED_SUM (5th lag),-961.207421875,40074.0,--,MSTB (actual),-885.250390625,502.0,--,WEEK_OF_YEAR (6 week mean),-796.35859375,13.5,--,ASA (actual),-596.63359375,60.0,--,MIGRATION WITHOU CPE (actual),-475.276953125,30316.0,--,SKILL_OFFERED_SUM (velocity),417.6125,10728.666666666668,+,SKILL_OFFERED_SUM (2nd lag),-395.16015625,37003.0,-,APPROVED,TECH_2026-04-27,2,2026,4,117,18,TECH,,60,0,0,0,3,0,0,0,0,0,0,3,0,54,0,0,0,54,0,0,0,11523,8315,30316,13578,5063,502,11585,2717732,2798614,10
2026-04-13,planned,2026-04-13T00:00:00Z,2026-05-04,3,36646.0,MSTB (actual),-2440.710546875,540.0,---,SKILL_OFFERED_SUM (acceleration),-1761.635546875,21909.0,--,TECH SWAP (actual),1589.976171875,5419.0,++,Vacations (6 week max),-975.790234375,0.0,--,SKILL_OFFERED_SUM (5th lag),-974.858984375,40074.0,--,DAY_OF_YEAR (actual),-886.463671875,124.0,--,WEEK_OF_YEAR (6 week mean),-810.96484375,13.5,--,ASA (actual),-800.92265625,60.0,--,SKILL_OFFERED_SUM (2nd lag),-593.831640625,37003.0,--,MIGRATION WITH CPE (actual),-544.909765625,8874.0,-,APPROVED,TECH_2026-05-04,3,2026,5,124,19,TECH,,60,0,0,0,0,0,0,0,0,0,0,0,0,0,0,0,0,0,0,0,0,12257,8874,30312,13377,5419,540,12082,2715718,2798579,10
2026-04-13,planned,2026-04-13T00:00:00Z,2026-05-11,4,37279.20703125,TECH SWAP (actual),1685.637109375,5419.0,++,SKILL_OFFERED_SUM (acceleration),-1635.391796875,21909.0,--,Vacations (6 week max),-975.790234375,0.0,--,SKILL_OFFERED_SUM (5th lag),-961.204296875,40074.0,--,ADDON (actual),885.38984375,12082.0,++,MSTB (actual),-846.257421875,540.0,--,WEEK_OF_YEAR (6 week mean),-711.43515625,13.5,--,ASA (actual),-659.95,60.0,--,SKILL_OFFERED_SUM (2nd lag),-593.826953125,37003.0,--,MIGRATION WITHOU CPE (actual),-428.622265625,30309.0,-,APPROVED,TECH_2026-05-11,4,2026,5,131,20,TECH,,60,0,0,0,0,3,0,0,0,0,0,3,0,0,0,0,0,0,0,0,0,12257,8874,30309,13377,5419,540,12082,2714053,2796911,10
2026-04-13,planned,2026-04-13T00:00:00Z,2026-05-18,5,37346.265625,MSTB (actual),-2542.05859375,540.0,---,SKILL_OFFERED_SUM (acceleration),-1605.6171875,21909.0,--,TECH SWAP (actual),1576.773046875,5419.0,++,Vacations (6 week max),-975.789453125,0.0,--,SKILL_OFFERED_SUM (5th lag),-961.20625,40074.0,--,ADDON (actual),885.38828125,12082.0,++,ASA (actual),-861.8828125,60.0,--,DAY_OF_YEAR (actual),-811.298828125,138.0,--,WEEK_OF_YEAR (6 week mean),-662.5796875,13.5,--,SKILL_OFFERED_SUM (2nd lag),-538.196875,37003.0,-,APPROVED,TECH_2026-05-18,5,2026,5,138,21,TECH,,60,0,0,0,0,0,1,0,0,0,0,1,0,0,0,0,0,0,0,0,0,12257,8874,30303,13377,5419,540,12082,2712388,2795240,10
2026-04-13,planned,2026-04-13T00:00:00Z,2026-05-25,6,36379.85546875,TECH SWAP (actual),1672.433984375,5419.0,++,SKILL_OFFERED_SUM (acceleration),-1605.6140625,21909.0,--,MSTB (actual),-1160.63125,540.0,--,Vacations (6 week max),-975.789453125,0.0,--,SKILL_OFFERED_SUM (5th lag),-961.203125,40074.0,--,ADDON (actual),885.390625,12082.0,++,ASA (actual),-828.4359375,60.0,--,WEEK_OF_YEAR (6 week mean),-563.05078125,13.5,--,SKILL_OFFERED_SUM (2nd lag),-538.1921875,37003.0,--,MIGRATION WITHOU CPE (actual),-387.053515625,30300.0,-,APPROVED,TECH_2026-05-25,6,2026,5,145,22,TECH,,60,0,0,0,0,0,0,3,0,0,0,3,0,0,0,0,0,0,0,0,0,12257,8874,30300,13377,5419,540,12082,2710723,2793572,10
2026-04-13,planned,2026-04-13T00:00:00Z,2026-06-01,7,37945.1640625,MSTB (actual),-2716.096875,542.0,---,TECH SWAP (actual),1693.0359375,5410.0,++,SKILL_OFFERED_SUM (acceleration),-1522.253125,21909.0,--,DAY_OF_YEAR (actual),-1433.583984375,152.0,--,Vacations (6 week max),-975.791015625,0.0,--,SKILL_OFFERED_SUM (5th lag),-974.86015625,40074.0,--,ASA (actual),-951.17734375,60.0,--,MIGRATION WITH CPE (actual),813.430859375,11037.0,++,SKILL_OFFERED_SUM (2nd lag),-809.17421875,37003.0,--,WEEK_OF_YEAR (6 week mean),-644.01796875,13.5,--,APPROVED,TECH_2026-06-01,7,2026,6,152,23,TECH,,60,0,0,0,0,0,0,0,0,0,0,0,0,0,0,0,0,0,0,0,0,12142,11037,30300,12609,5410,542,11693,2710196,2793929,10
2026-04-13,planned,2026-04-13T00:00:00Z,2026-06-08,8,37183.28125,MSTB (actual),-2542.06328125,542.0,--,DAY_OF_YEAR (actual),-2107.235546875,159.0,--,TECH SWAP (actual),1693.0359375,5410.0,++,SKILL_OFFERED_SUM (acceleration),-1522.25234375,21909.0,--,Vacations (6 week max),-975.791015625,0.0,--,SKILL_OFFERED_SUM (5th lag),-961.20859375,40074.0,--,ASA (actual),-951.1765625,60.0,--,MIGRATION WITH CPE (actual),813.423046875,11037.0,++,SKILL_OFFERED_SUM (2nd lag),-809.17578125,37003.0,--,ADDON (actual),805.483203125,11693.0,++,APPROVED,TECH_2026-06-08,8,2026,6,159,24,TECH,,60,0,0,0,0,0,0,0,0,0,0,0,0,0,0,0,0,0,0,0,0,12142,11037,30300,12609,5410,542,11693,2709098,2792831,10
2026-04-13,planned,2026-04-13T00:00:00Z,2026-06-15,9,37498.9921875,MSTB (actual),-2542.06328125,542.0,--,DAY_OF_YEAR (actual),-2107.235546875,166.0,--,TECH SWAP (actual),1693.0359375,5410.0,++,SKILL_OFFERED_SUM (acceleration),-1522.25234375,21909.0,--,SKILL_OFFERED_SUM (5th lag),-1044.71640625,40074.0,--,ASA (actual),-1012.1375,60.0,--,Vacations (6 week max),-975.791015625,0.0,--,MIGRATION WITH CPE (actual),813.423046875,11037.0,++,ADDON (actual),805.483203125,11693.0,++,WEEK_OF_YEAR (6 week mean),-597.30625,13.5,-,APPROVED,TECH_2026-06-15,9,2026,6,166,25,TECH,,60,0,0,0,0,0,0,0,0,0,0,0,0,0,0,0,0,0,0,0,0,12142,11037,30303,12609,5410,542,11693,2708001,2791737,10
2026-04-13,planned,2026-04-13T00:00:00Z,2026-06-22,10,37653.40625,MSTB (actual),-2542.0609375,542.0,--,DAY_OF_YEAR (actual),-2065.119140625,173.0,--,TECH SWAP (actual),1693.0359375,5410.0,++,SKILL_OFFERED_SUM (acceleration),-1605.61640625,21909.0,--,SKILL_OFFERED_SUM (5th lag),-1044.7140625,40074.0,--,ASA (actual),-1012.13515625,60.0,--,Vacations (6 week max),-975.789453125,0.0,--,MIGRATION WITH CPE (actual),813.423828125,11037.0,++,ADDON (actual),805.490234375,11693.0,++,WEEK_OF_YEAR (6 week mean),-597.30625,13.5,-,APPROVED,TECH_2026-06-22,10,2026,6,173,26,TECH,,60,0,0,0,0,0,0,0,0,0,0,0,0,0,0,0,0,0,0,0,0,12142,11037,30303,12609,5410,542,11693,2706902,2790638,10
2026-04-13,planned,2026-04-13T00:00:00Z,2026-06-29,11,36216.2421875,MSTB (actual),-2581.053125,487.0,--,DAY_OF_YEAR (actual),-2226.653515625,180.0,--,SKILL_OFFERED_SUM (acceleration),-1788.323828125,21909.0,--,MIGRATION WITH CPE (actual),1727.54453125,12695.0,++,WEEK_OF_YEAR (6 week mean),-1346.12421875,13.5,--,SKILL_OFFERED_SUM (5th lag),-1044.71875,40074.0,--,Vacations (6 week max),-947.026171875,0.0,--,ASA (actual),-889.065625,60.0,--,ADDON (actual),741.471484375,11055.0,++,SKILL_OFFERED_SUM (2nd lag),-680.519921875,37003.0,-,APPROVED,TECH_2026-06-29,11,2026,6,180,27,TECH,,60,0,0,0,0,0,0,0,0,0,0,0,0,0,3,0,0,3,0,0,0,11068,12695,30309,11270,4817,487,11055,2707558,2789259,10
2026-04-13,planned,2026-04-13T00:00:00Z,2026-07-06,12,38841.859375,MSTB (actual),-2487.94140625,524.0,--,MIGRATION WITH CPE (actual),2396.928515625,15096.0,++,DAY_OF_YEAR (actual),-2226.646484375,187.0,--,TECH SWAP (actual),1693.0359375,5185.0,++,SKILL_OFFERED_SUM (acceleration),-1198.73828125,21909.0,--,SKILL_OFFERED_SUM (5th lag),-1084.134375,40074.0,--,SKILL_OFFERED_SUM (2nd lag),-1008.957421875,37003.0,--,Vacations (6 week max),-975.789453125,0.0,--,ASA (actual),-952.37734375,60.0,--,ADDON (actual),795.1734375,12227.0,++,APPROVED,TECH_2026-07-06,12,2026,7,187,28,TECH,,60,0,0,0,0,0,0,0,0,0,0,0,0,0,21,0,0,21,0,0,0,12039,15096,30311,12227,5185,524,12227,2705443,2793052,10
2026-04-13,planned,2026-04-13T00:00:00Z,2026-07-13,13,38450.10546875,MSTB (actual),-2487.94140625,524.0,--,DAY_OF_YEAR (actual),-2226.646484375,194.0,--,MIGRATION WITH CPE (actual),2009.860546875,15096.0,++,TECH SWAP (actual),1673.02421875,5185.0,++,SKILL_OFFERED_SUM (5th lag),-1084.134375,40074.0,--,ASA (actual),-1013.33828125,60.0,--,SKILL_OFFERED_SUM (2nd lag),-1008.957421875,37003.0,--,SKILL_OFFERED_SUM (acceleration),980.82734375,21909.0,++,Vacations (6 week max),-975.789453125,0.0,--,ADDON (actual),953.6171875,12227.0,++,APPROVED,TECH_2026-07-13,13,2026,7,194,29,TECH,,60,0,0,0,0,0,0,0,0,0,0,0,0,0,39,0,0,39,0,0,0,12039,15096,30312,12227,5185,524,12227,2704500,2792110,10
2026-04-13,actual,2026-04-13T00:00:00Z,2026-04-20,1,35535.234375,MSTB (actual),-1984.284765625,727.0,--,SKILL_OFFERED_SUM (acceleration),-1903.189453125,21909.0,--,2e Paasdag (6 week fraction equal 3),-1439.3363105469,0.1666666666666666,--,ASA (actual),-1368.73984375,29.0,--,SKILL_OFFERED_SUM (6 week std),-1259.18828125,2345.398018816138,--,DAY_OF_YEAR (actual),-1100.25390625,110.0,--,TECH SWAP (actual),1072.841796875,6308.0,++,SKILL_OFFERED_SUM (5th lag),-1050.227734375,40074.0,--,MIGRATION WITH CPE (actual),-834.620703125,2807.0,--,SKILL_OFFERED_SUM (6 week median),-830.19140625,41288.0,--,APPROVED,TECH_2026-04-20,1,2026,4,110,17,TECH,,29,0,0,0,0,0,0,0,0,0,0,0,0,9,0,0,0,9,0,0,0,8048,2807,6397,7229,6308,727,2018,2788815,2822349,10
2026-04-13,actual,2026-04-13T00:00:00Z,2026-04-27,2,34190.484375,SKILL_OFFERED_SUM (acceleration),-2357.796484375,21909.0,---,SKILL_OFFERED_SUM (6 week std),-1334.325390625,2345.398018816138,--,ASA (actual),-1116.828125,31.0,--,ADDON (actual),-831.265234375,1574.0,--,CHURN (actual),824.26484375,10264.0,++,2e Paasdag (6 week fraction equal 3),-742.2693332031,0.1666666666666666,--,SKILL_OFFERED_SUM (5th lag),-669.635546875,40074.0,--,MSTB (actual),-657.721875,496.0,--,SKILL_OFFERED_SUM (6 week median),-591.00703125,41288.0,--,TECH SWAP (actual),-559.636328125,4768.0,--,APPROVED,TECH_2026-04-27,2,2026,4,117,18,TECH,,31,0,0,0,3,0,0,0,0,0,0,3,0,54,0,0,0,54,0,0,0,9829,2263,4859,10264,4768,496,1574,"2786745,857","2820798,857",10
2026-04-13,actual,2026-04-13T00:00:00Z,2026-05-04,3,39376.5390625,MSTB (actual),-2440.710546875,541.0,--,MIGRATION WITH CPE (actual),2126.998828125,17227.0,++,SKILL_OFFERED_SUM (acceleration),-1668.799609375,21909.0,--,TECH SWAP (actual),1589.976171875,5430.0,++,Vacations (6 week max),-975.790234375,0.0,--,SKILL_OFFERED_SUM (5th lag),-961.573828125,40074.0,--,DAY_OF_YEAR (actual),-886.463671875,124.0,--,ASA (actual),-877.970703125,33.0,--,SKILL_OFFERED_SUM (2nd lag),-590.450390625,37003.0,-,MIGRATION WITHOU CPE (actual),-543.465625,25969.0,-,APPROVED,TECH_2026-05-04,3,2026,5,124,19,TECH,,33,0,0,0,0,0,0,0,0,0,0,0,0,0,0,0,0,0,0,0,0,12229,17227,25969,12563,5430,541,12016,2733387,2819362,10
2026-04-13,actual,2026-04-13T00:00:00Z,2026-05-11,4,39573.37890625,MIGRATION WITH CPE (actual),2968.721875,17227.0,+++,TECH SWAP (actual),1685.637109375,5430.0,++,SKILL_OFFERED_SUM (acceleration),-1497.644921875,21909.0,--,ASA (actual),-1173.365234375,22.0,--,Vacations (6 week max),-975.790234375,0.0,--,SKILL_OFFERED_SUM (5th lag),-947.922265625,40074.0,--,ADDON (actual),846.372265625,12016.0,++,MSTB (actual),-846.260546875,541.0,--,SKILL_OFFERED_SUM (2nd lag),-645.833203125,37003.0,--,MIGRATION WITHOU CPE (actual),-536.618359375,25966.0,-,APPROVED,TECH_2026-05-11,4,2026,5,131,20,TECH,,22,0,0,0,0,3,0,0,0,0,0,3,0,0,0,0,0,0,0,0,0,12229,17227,25966,12563,5430,541,12016,2732232,2818204,10
2026-04-13,actual,2026-04-13T00:00:00Z,2026-05-18,5,39640.44140625,MIGRATION WITH CPE (actual),3043.741015625,17227.0,+++,MSTB (actual),-2542.0578125,541.0,--,TECH SWAP (actual),1576.773046875,5430.0,++,SKILL_OFFERED_SUM (acceleration),-1467.86640625,21909.0,--,ASA (actual),-1375.2921875,22.0,--,Vacations (6 week max),-975.791015625,0.0,--,SKILL_OFFERED_SUM (5th lag),-947.9203125,40074.0,--,DAY_OF_YEAR (actual),-855.421484375,138.0,--,ADDON (actual),846.373828125,12016.0,++,MIGRATION WITHOU CPE (actual),-633.48828125,25961.0,-,APPROVED,TECH_2026-05-18,5,2026,5,138,21,TECH,,22,0,0,0,0,0,1,0,0,0,0,1,0,0,0,0,0,0,0,0,0,12229,17227,25961,12563,5430,541,12016,2731077,2817044,10
2026-04-13,actual,2026-04-13T00:00:00Z,2026-05-25,6,39144.7109375,MIGRATION WITH CPE (actual),2414.438671875,17227.0,+++,TECH SWAP (actual),1672.433984375,5430.0,++,SKILL_OFFERED_SUM (acceleration),-1512.7796875,21909.0,--,MSTB (actual),-1160.63359375,541.0,--,Vacations (6 week max),-975.791015625,0.0,--,SKILL_OFFERED_SUM (5th lag),-961.20546875,40074.0,--,ASA (actual),-871.165625,53.0,--,ADDON (actual),805.489453125,12016.0,++,SKILL_OFFERED_SUM (2nd lag),-538.195703125,37003.0,-,MIGRATION WITHOU CPE (actual),-387.053515625,25953.0,-,APPROVED,TECH_2026-05-25,6,2026,5,145,22,TECH,,53,0,0,0,0,0,0,3,0,0,0,3,0,0,0,0,0,0,0,0,0,12229,17227,25953,12563,5430,541,12016,2729921,2815880,10
2026-04-13,actual,2026-04-13T00:00:00Z,2026-06-01,7,39659.8203125,MSTB (actual),-2716.10234375,543.0,--,MIGRATION WITH CPE (actual),2414.438671875,16055.0,++,TECH SWAP (actual),1693.03046875,5416.0,++,DAY_OF_YEAR (actual),-1433.585546875,152.0,--,SKILL_OFFERED_SUM (acceleration),-1429.41953125,21909.0,--,Vacations (6 week max),-975.791015625,0.0,--,SKILL_OFFERED_SUM (5th lag),-961.578125,40074.0,--,SKILL_OFFERED_SUM (2nd lag),-850.440625,37003.0,--,ASA (actual),-837.53125,44.0,--,MIGRATION WITHOU CPE (actual),-501.896875,25961.0,-,APPROVED,TECH_2026-06-01,7,2026,6,152,23,TECH,,44,0,0,0,0,0,0,0,0,0,0,0,0,0,0,0,0,0,0,0,0,12097,16055,25961,12069,5416,543,11486,2729629,2813256,10
2026-04-13,actual,2026-04-13T00:00:00Z,2026-06-08,8,41076.16796875,MIGRATION WITH CPE (actual),2542.625390625,16055.0,++,MSTB (actual),-2542.0609375,543.0,--,DAY_OF_YEAR (actual),-1999.235546875,159.0,--,TECH SWAP (actual),1693.0359375,5416.0,++,ASA (actual),1340.696875,173.0,++,SKILL_OFFERED_SUM (acceleration),-1185.39609375,21909.0,--,Vacations (6 week max),-975.789453125,0.0,--,SKILL_OFFERED_SUM (5th lag),-961.20625,40074.0,--,ADDON (actual),846.877734375,11486.0,++,SKILL_OFFERED_SUM (2nd lag),-809.172265625,37003.0,--,APPROVED,TECH_2026-06-08,8,2026,6,159,24,TECH,,173,0,0,0,0,0,0,0,0,0,0,0,0,0,0,0,0,0,0,0,0,12097,16055,25966,12069,5416,543,11486,2728691,2812323,10
2026-04-13,actual,2026-04-13T00:00:00Z,2026-06-15,9,39213.65625,MSTB (actual),-2542.0578125,543.0,--,MIGRATION WITH CPE (actual),2414.438671875,16055.0,++,DAY_OF_YEAR (actual),-2107.234765625,166.0,--,TECH SWAP (actual),1693.0359375,5416.0,++,SKILL_OFFERED_SUM (acceleration),-1429.4140625,21909.0,--,SKILL_OFFERED_SUM (5th lag),-1031.428125,40074.0,--,Vacations (6 week max),-975.791015625,0.0,--,ASA (actual),-898.48671875,45.0,--,ADDON (actual),805.489453125,11486.0,++,MIGRATION WITHOU CPE (actual),-582.21875,25975.0,-,APPROVED,TECH_2026-06-15,9,2026,6,166,25,TECH,,45,0,0,0,0,0,0,0,0,0,0,0,0,0,0,0,0,0,0,0,0,12097,16055,25975,12069,5416,543,11486,2727751,2811392,10
2026-04-13,actual,2026-04-13T00:00:00Z,2026-06-22,10,39368.0703125,MSTB (actual),-2542.05546875,543.0,--,MIGRATION WITH CPE (actual),2414.439453125,16055.0,++,DAY_OF_YEAR (actual),-2065.118359375,173.0,--,TECH SWAP (actual),1693.0359375,5416.0,++,SKILL_OFFERED_SUM (acceleration),-1512.778125,21909.0,--,SKILL_OFFERED_SUM (5th lag),-1031.42578125,40074.0,--,Vacations (6 week max),-975.789453125,0.0,--,ASA (actual),-898.484375,45.0,--,ADDON (actual),805.491015625,11486.0,++,MIGRATION WITHOU CPE (actual),-582.21875,25979.0,-,APPROVED,TECH_2026-06-22,10,2026,6,173,26,TECH,,45,0,0,0,0,0,0,0,0,0,0,0,0,0,0,0,0,0,0,0,0,12097,16055,25979,12069,5416,543,11486,2726811,2810456,10
2026-04-13,actual,2026-04-13T00:00:00Z,2026-06-29,11,36547.15625,MSTB (actual),-2581.05078125,485.0,--,DAY_OF_YEAR (actual),-2226.650390625,180.0,--,SKILL_OFFERED_SUM (acceleration),-1788.318359375,21909.0,--,MIGRATION WITH CPE (actual),1727.54453125,13994.0,++,WEEK_OF_YEAR (6 week mean),-1346.121875,13.5,--,SKILL_OFFERED_SUM (5th lag),-1031.43046875,40074.0,--,Vacations (6 week max),-947.026171875,0.0,--,ASA (actual),-775.41484375,45.0,--,ADDON (actual),741.476953125,10843.0,++,SKILL_OFFERED_SUM (2nd lag),-721.775390625,37003.0,--,APPROVED,TECH_2026-06-29,11,2026,6,180,27,TECH,,45,0,0,0,0,0,0,0,0,0,0,0,0,0,3,0,0,3,0,0,0,11002,13994,25984,11029,4822,485,10843,2727167,2805326,10
2026-04-13,actual,2026-04-13T00:00:00Z,2026-07-06,12,38258.8203125,MSTB (actual),-2487.94140625,525.0,--,DAY_OF_YEAR (actual),-2226.646484375,187.0,--,MIGRATION WITH CPE (actual),1700.241015625,14916.0,++,TECH SWAP (actual),1693.0359375,5194.0,++,SKILL_OFFERED_SUM (acceleration),-1198.73828125,21909.0,--,SKILL_OFFERED_SUM (5th lag),-1070.84921875,40074.0,--,SKILL_OFFERED_SUM (2nd lag),-1050.217578125,37003.0,--,Vacations (6 week max),-975.789453125,0.0,--,ASA (actual),-838.72890625,45.0,--,ADDON (actual),795.1734375,11980.0,++,APPROVED,TECH_2026-07-06,12,2026,7,187,28,TECH,,45,0,0,0,0,0,0,0,0,0,0,0,0,0,21,0,0,21,0,0,0,11956,14916,25988,12105,5194,525,11980,2724981,2807645,10
2026-04-13,actual,2026-04-13T00:00:00Z,2026-07-13,13,37867.06640625,MSTB (actual),-2487.94140625,525.0,--,DAY_OF_YEAR (actual),-2226.646484375,194.0,--,TECH SWAP (actual),1673.02421875,5194.0,++,MIGRATION WITH CPE (actual),1313.173046875,14916.0,++,SKILL_OFFERED_SUM (5th lag),-1070.84921875,40074.0,--,SKILL_OFFERED_SUM (2nd lag),-1050.217578125,37003.0,--,SKILL_OFFERED_SUM (acceleration),980.82734375,21909.0,++,Vacations (6 week max),-975.789453125,0.0,--,ADDON (actual),953.6171875,11980.0,++,ASA (actual),-899.68984375,45.0,--,APPROVED,TECH_2026-07-13,13,2026,7,194,29,TECH,,45,0,0,0,0,0,0,0,0,0,0,0,0,0,39,0,0,39,0,0,0,11956,14916,25989,12105,5194,525,11980,2723924,2806589,10
2026-04-20,planned,2026-04-20T00:00:00Z,2026-04-27,1,40733.1640625,TECH SWAP (actual),1060.4828125,5063.0,++,SKILL_OFFERED_SUM (5th lag),927.442578125,42502.0,++,START_OF_WEEK (Month) (actual),-868.91796875,4.0,--,SKILL_OFFERED_SUM (2nd lag),-844.678515625,39111.0,--,WEEK_OF_YEAR (6 week mean),-738.478125,14.5,--,Vacations (6 week max),-695.901171875,9.0,--,SKILL_OFFERED_SUM (acceleration),614.509765625,-12552.0,++,MIGRATION WITH CPE (actual),-600.46171875,8315.0,--,ASA (actual),-596.5421875,60.0,--,MSTB (actual),-367.873046875,502.0,--,APPROVED,TECH_2026-04-27,1,2026,4,117,18,TECH,,60,0,0,0,3,0,0,0,0,0,0,3,0,54,0,0,0,54,0,0,0,11523,8315,30316,13578,5063,502,11585,2717732,2798614,10
2026-04-20,planned,2026-04-20T00:00:00Z,2026-05-04,2,40482.296875,MSTB (actual),-1923.330859375,540.0,---,TECH SWAP (actual),964.82890625,5419.0,++,SKILL_OFFERED_SUM (5th lag),913.797265625,42502.0,++,DAY_OF_YEAR (actual),-851.9046875,124.0,--,ASA (actual),-847.62265625,60.0,--,MIGRATION WITH CPE (actual),-819.0421875,8874.0,--,WEEK_OF_YEAR (6 week mean),-769.225,14.5,--,Vacations (6 week max),-695.894921875,9.0,--,SKILL_OFFERED_SUM (2nd lag),-537.5484375,39111.0,--,SKILL_OFFERED_SUM (3rd lag),412.02421875,37003.0,+,APPROVED,TECH_2026-05-04,2,2026,5,124,19,TECH,,60,0,0,0,0,0,0,0,0,0,0,0,0,0,0,0,0,0,0,0,0,12257,8874,30312,13377,5419,540,12082,2715718,2798579,10
2026-04-20,planned,2026-04-20T00:00:00Z,2026-05-11,3,40764.51953125,TECH SWAP (actual),1140.3921875,5419.0,++,SKILL_OFFERED_SUM (5th lag),927.442578125,42502.0,++,MIGRATION WITH CPE (actual),-819.05,8874.0,--,ASA (actual),-706.659375,60.0,--,Vacations (6 week max),-695.901171875,9.0,--,WEEK_OF_YEAR (6 week mean),-633.28671875,14.5,--,SKILL_OFFERED_SUM (2nd lag),-596.1234375,39111.0,--,1e Paasdag (6 week fraction equal 1),-467.1355304687,0.1666666666666666,--,SKILL_OFFERED_SUM (3rd lag),412.015625,37003.0,++,CHURN (actual),380.629296875,13377.0,++,APPROVED,TECH_2026-05-11,3,2026,5,131,20,TECH,,60,0,0,0,0,3,0,0,0,0,0,3,0,0,0,0,0,0,0,0,0,12257,8874,30309,13377,5419,540,12082,2714053,2796911,10
2026-04-20,planned,2026-04-20T00:00:00Z,2026-05-18,4,40476.03125,MSTB (actual),-1749.294921875,540.0,--,DAY_OF_YEAR (actual),-1180.87578125,138.0,--,TECH SWAP (actual),1044.73515625,5419.0,++,SKILL_OFFERED_SUM (5th lag),927.443359375,42502.0,++,ASA (actual),-908.5875,60.0,--,MIGRATION WITH CPE (actual),-699.57421875,8874.0,--,Vacations (6 week max),-695.901171875,9.0,--,WEEK_OF_YEAR (6 week mean),-671.484375,14.5,--,SKILL_OFFERED_SUM (2nd lag),-626.229296875,39111.0,--,ADDON (actual),361.783984375,12082.0,+,APPROVED,TECH_2026-05-18,4,2026,5,138,21,TECH,,60,0,0,0,0,0,1,0,0,0,0,1,0,0,0,0,0,0,0,0,0,12257,8874,30303,13377,5419,540,12082,2712388,2795240,10
2026-04-20,planned,2026-04-20T00:00:00Z,2026-05-25,5,39410.22265625,TECH SWAP (actual),1127.1890625,5419.0,++,SKILL_OFFERED_SUM (5th lag),927.448046875,42502.0,++,ASA (actual),-875.1421875,60.0,--,Vacations (6 week max),-695.894921875,9.0,--,DAY_OF_YEAR (actual),-666.6546875,145.0,--,MSTB (actual),-643.258203125,540.0,--,MIGRATION WITH CPE (actual),-624.5578125,8874.0,--,SKILL_OFFERED_SUM (2nd lag),-602.301171875,39111.0,--,START_OF_WEEK (Day of Month) (actual),-459.304296875,25.0,--,WEEK_OF_YEAR (6 week mean),-424.2484375,14.5,--,APPROVED,TECH_2026-05-25,5,2026,5,145,22,TECH,,60,0,0,0,0,0,0,3,0,0,0,3,0,0,0,0,0,0,0,0,0,12257,8874,30300,13377,5419,540,12082,2710723,2793572,10
2026-04-20,planned,2026-04-20T00:00:00Z,2026-06-01,6,41548.765625,MSTB (actual),-2198.716015625,542.0,---,DAY_OF_YEAR (actual),-1803.15859375,152.0,--,TECH SWAP (actual),1147.794921875,5410.0,++,ASA (actual),-997.8796875,60.0,--,SKILL_OFFERED_SUM (5th lag),913.791796875,42502.0,++,Vacations (6 week max),-695.901171875,9.0,--,SKILL_OFFERED_SUM (2nd lag),-572.19453125,39111.0,--,MIGRATION WITH CPE (actual),539.290625,11037.0,++,CHURN (actual),450.541015625,12609.0,+,WEEK_OF_YEAR (6 week mean),-423.93671875,14.5,-,APPROVED,TECH_2026-06-01,6,2026,6,152,23,TECH,,60,0,0,0,0,0,0,0,0,0,0,0,0,0,0,0,0,0,0,0,0,12142,11037,30300,12609,5410,542,11693,2710196,2793929,10
2026-04-20,planned,2026-04-20T00:00:00Z,2026-06-08,7,40965.390625,DAY_OF_YEAR (actual),-2081.83125,159.0,---,MSTB (actual),-2024.680078125,542.0,---,TECH SWAP (actual),1147.794921875,5410.0,++,ASA (actual),-997.8796875,60.0,--,SKILL_OFFERED_SUM (5th lag),927.443359375,42502.0,++,Vacations (6 week max),-695.901171875,9.0,--,SKILL_OFFERED_SUM (2nd lag),-572.19453125,39111.0,--,SKILL_OFFERED_SUM (3rd lag),541.91171875,37003.0,++,MIGRATION WITH CPE (actual),539.290625,11037.0,++,WEEK_OF_YEAR (6 week mean),-484.940625,14.5,-,APPROVED,TECH_2026-06-08,7,2026,6,159,24,TECH,,60,0,0,0,0,0,0,0,0,0,0,0,0,0,0,0,0,0,0,0,0,12142,11037,30300,12609,5410,542,11693,2709098,2792831,10
2026-04-20,planned,2026-04-20T00:00:00Z,2026-06-15,8,40980.01953125,DAY_OF_YEAR (actual),-2163.8421875,166.0,---,MSTB (actual),-2024.680078125,542.0,--,TECH SWAP (actual),1147.794921875,5410.0,++,ASA (actual),-1058.840625,60.0,--,SKILL_OFFERED_SUM (5th lag),927.443359375,42502.0,++,Vacations (6 week max),-695.901171875,9.0,--,SKILL_OFFERED_SUM (2nd lag),-602.302734375,39111.0,--,SKILL_OFFERED_SUM (3rd lag),541.91171875,37003.0,++,MIGRATION WITH CPE (actual),539.290625,11037.0,++,1e Paasdag (6 week fraction equal 1),-467.1355304688,0.1666666666666666,-,APPROVED,TECH_2026-06-15,8,2026,6,166,25,TECH,,60,0,0,0,0,0,0,0,0,0,0,0,0,0,0,0,0,0,0,0,0,12142,11037,30303,12609,5410,542,11693,2708001,2791737,10
2026-04-20,planned,2026-04-20T00:00:00Z,2026-06-22,9,40996.74609375,DAY_OF_YEAR (actual),-2163.8421875,173.0,---,MSTB (actual),-2024.680078125,542.0,---,TECH SWAP (actual),1147.794921875,5410.0,++,ASA (actual),-1058.840625,60.0,--,SKILL_OFFERED_SUM (5th lag),843.935546875,42502.0,++,Vacations (6 week max),-695.901171875,9.0,--,SKILL_OFFERED_SUM (2nd lag),-602.302734375,39111.0,--,MIGRATION WITH CPE (actual),539.290625,11037.0,++,WEEK_OF_YEAR (6 week mean),-458.5,14.5,-,SKILL_OFFERED_SUM (3rd lag),369.39296875,37003.0,+,APPROVED,TECH_2026-06-22,9,2026,6,173,26,TECH,,60,0,0,0,0,0,0,0,0,0,0,0,0,0,0,0,0,0,0,0,0,12142,11037,30303,12609,5410,542,11693,2706902,2790638,10
2026-04-20,planned,2026-04-20T00:00:00Z,2026-06-29,10,40120.45703125,MSTB (actual),-2063.672265625,487.0,--,DAY_OF_YEAR (actual),-2040.7171875,180.0,--,MIGRATION WITH CPE (actual),1134.1609375,12695.0,++,ASA (actual),-935.7671875,60.0,--,WEEK_OF_YEAR (6 week mean),-919.3765625,14.5,--,SKILL_OFFERED_SUM (2nd lag),-878.047265625,39111.0,--,SKILL_OFFERED_SUM (5th lag),843.938671875,42502.0,++,Vacations (6 week max),-832.294140625,9.0,--,TECH SWAP (actual),-718.349609375,4817.0,--,SKILL_OFFERED_SUM (3rd lag),459.655859375,37003.0,+,APPROVED,TECH_2026-06-29,10,2026,6,180,27,TECH,,60,0,0,0,0,0,0,0,0,0,0,0,0,0,3,0,0,3,0,0,0,11068,12695,30309,11270,4817,487,11055,2707558,2789259,10
2026-04-20,planned,2026-04-20T00:00:00Z,2026-07-06,11,42191.37109375,MSTB (actual),-2081.248046875,524.0,--,DAY_OF_YEAR (actual),-2040.7171875,187.0,--,MIGRATION WITH CPE (actual),1830.8484375,15096.0,++,TECH SWAP (actual),1147.791015625,5185.0,++,ASA (actual),-999.08515625,60.0,--,SKILL_OFFERED_SUM (5th lag),804.513671875,42502.0,++,Vacations (6 week max),-695.894921875,9.0,--,SKILL_OFFERED_SUM (3rd lag),687.43671875,37003.0,++,SKILL_OFFERED_SUM (acceleration),-546.468359375,-12552.0,-,SKILL_OFFERED_SUM (2nd lag),-545.946875,39111.0,-,APPROVED,TECH_2026-07-06,11,2026,7,187,28,TECH,,60,0,0,0,0,0,0,0,0,0,0,0,0,0,21,0,0,21,0,0,0,12039,15096,30311,12227,5185,524,12227,2705443,2793052,10
2026-04-20,planned,2026-04-20T00:00:00Z,2026-07-13,12,39630.40625,Zomer (actual),-3028.5637550781,39.0,---,MSTB (actual),-2081.244921875,524.0,--,DAY_OF_YEAR (actual),-2040.71484375,194.0,--,MIGRATION WITH CPE (actual),1970.44375,15096.0,++,TECH SWAP (actual),1127.783203125,5185.0,++,ASA (actual),-1060.04296875,60.0,--,SKILL_OFFERED_SUM (5th lag),804.516015625,42502.0,++,SKILL_OFFERED_SUM (acceleration),-798.957421875,-12552.0,--,SKILL_OFFERED_SUM (3rd lag),789.58359375,37003.0,++,Vacations (6 week max),-695.894921875,9.0,-,APPROVED,TECH_2026-07-13,12,2026,7,194,29,TECH,,60,0,0,0,0,0,0,0,0,0,0,0,0,0,39,0,0,39,0,0,0,12039,15096,30312,12227,5185,524,12227,2704500,2792110,10
2026-04-20,planned,2026-04-20T00:00:00Z,2026-07-20,13,39954.65234375,Zomer (actual),-2824.2317238281,54.0,---,MSTB (actual),-2081.244921875,524.0,--,DAY_OF_YEAR (actual),-1938.548828125,201.0,--,MIGRATION WITH CPE (actual),1861.88359375,15096.0,++,TECH SWAP (actual),1127.783203125,5185.0,++,ASA (actual),-1060.04296875,60.0,--,SKILL_OFFERED_SUM (5th lag),804.516015625,42502.0,++,Vacations (6 week max),-695.894921875,9.0,--,SKILL_OFFERED_SUM (3rd lag),617.06484375,37003.0,+,ADDON (actual),604.197265625,12227.0,+,APPROVED,TECH_2026-07-20,13,2026,7,201,30,TECH,,60,0,0,0,0,0,0,0,0,0,0,0,0,0,54,0,0,54,0,0,0,12039,15096,30313,12227,5185,524,12227,2703556,2791167,10
2026-04-20,actual,2026-04-20T00:00:00Z,2026-04-27,1,37283.1875,ASA (actual),-1317.303125,31.0,--,SKILL_OFFERED_SUM (6 week std),-1183.069140625,2239.520729977733,--,TECH SWAP (actual),-1014.731640625,4768.0,--,START_OF_WEEK (Month) (actual),-797.45703125,4.0,--,SKILL_OFFERED_SUM (acceleration),763.286328125,-12552.0,++,ADDON (actual),-750.03203125,1574.0,--,SKILL_OFFERED_SUM (6 week median),-699.767578125,39592.5,--,SKILL_OFFERED_SUM (5th lag),622.25,42502.0,++,SKILL_OFFERED_SUM (2nd lag),-551.176953125,39111.0,--,2e Paasdag (6 week fraction equal 3),-543.0582929688,0.1666666666666666,--,APPROVED,TECH_2026-04-27,1,2026,4,117,18,TECH,,31,0,0,0,3,0,0,0,0,0,0,3,0,54,0,0,0,54,0,0,0,9829,2263,4859,10264,4768,496,1574,"2786745,857","2820798,857",10
2026-04-20,actual,2026-04-20T00:00:00Z,2026-05-04,2,42804.33984375,MSTB (actual),-1923.330859375,541.0,---,MIGRATION WITH CPE (actual),1543.41328125,17227.0,++,ASA (actual),-1023.7140625,33.0,--,TECH SWAP (actual),964.82890625,5430.0,++,SKILL_OFFERED_SUM (5th lag),898.51640625,42502.0,++,DAY_OF_YEAR (actual),-851.9046875,124.0,--,Vacations (6 week max),-695.894921875,9.0,--,CHURN (actual),569.458203125,12563.0,++,SKILL_OFFERED_SUM (2nd lag),-534.1671875,39111.0,--,WEEK_OF_YEAR (6 week mean),-458.84765625,14.5,-,APPROVED,TECH_2026-05-04,2,2026,5,124,19,TECH,,33,0,0,0,0,0,0,0,0,0,0,0,0,0,0,0,0,0,0,0,0,12229,17227,25969,12563,5430,541,12016,2733387,2819362,10
2026-04-20,actual,2026-04-20T00:00:00Z,2026-05-11,3,42674.65625,MIGRATION WITH CPE (actual),2265.6609375,17227.0,+++,ASA (actual),-1294.65625,22.0,--,TECH SWAP (actual),1140.3921875,5430.0,++,SKILL_OFFERED_SUM (5th lag),852.5203125,42502.0,++,Vacations (6 week max),-695.894921875,9.0,--,CHURN (actual),651.211328125,12563.0,++,SKILL_OFFERED_SUM (2nd lag),-604.11484375,39111.0,--,1e Paasdag (6 week fraction equal 1),-467.1355304688,0.1666666666666666,--,SKILL_OFFERED_SUM (6 week mean),403.315625,40064.5,+,SKILL_OFFERED_SUM (6 week min),-366.58671875,37003.0,-,APPROVED,TECH_2026-05-11,3,2026,5,131,20,TECH,,22,0,0,0,0,3,0,0,0,0,0,3,0,0,0,0,0,0,0,0,0,12229,17227,25966,12563,5430,541,12016,2732232,2818204,10
2026-04-20,actual,2026-04-20T00:00:00Z,2026-05-18,4,42386.16796875,MIGRATION WITH CPE (actual),2385.13671875,17227.0,+++,MSTB (actual),-1749.294921875,541.0,--,ASA (actual),-1496.584375,22.0,--,DAY_OF_YEAR (actual),-1224.99765625,138.0,--,TECH SWAP (actual),1044.73515625,5430.0,++,SKILL_OFFERED_SUM (5th lag),852.52109375,42502.0,++,Vacations (6 week max),-695.894921875,9.0,--,SKILL_OFFERED_SUM (2nd lag),-634.220703125,39111.0,--,CHURN (actual),541.239453125,12563.0,+,SKILL_OFFERED_SUM (6 week mean),403.31875,40064.5,+,APPROVED,TECH_2026-05-18,4,2026,5,138,21,TECH,,22,0,0,0,0,0,1,0,0,0,0,1,0,0,0,0,0,0,0,0,0,12229,17227,25961,12563,5430,541,12016,2731077,2817044,10
2026-04-20,actual,2026-04-20T00:00:00Z,2026-05-25,5,41865.62890625,MIGRATION WITH CPE (actual),1830.8484375,17227.0,+++,TECH SWAP (actual),1127.1890625,5430.0,++,SKILL_OFFERED_SUM (5th lag),927.448046875,42502.0,++,ASA (actual),-917.8703125,53.0,--,Vacations (6 week max),-695.894921875,9.0,--,DAY_OF_YEAR (actual),-666.6546875,145.0,--,MSTB (actual),-643.258203125,541.0,--,SKILL_OFFERED_SUM (2nd lag),-602.300390625,39111.0,--,START_OF_WEEK (Day of Month) (actual),-459.304296875,25.0,--,1e Paasdag (6 week fraction equal 1),-360.026459375,0.1666666666666666,-,APPROVED,TECH_2026-05-25,5,2026,5,145,22,TECH,,53,0,0,0,0,0,0,3,0,0,0,3,0,0,0,0,0,0,0,0,0,12229,17227,25953,12563,5430,541,12016,2729921,2815880,10
2026-04-20,actual,2026-04-20T00:00:00Z,2026-06-01,6,42854.92578125,MSTB (actual),-2198.716796875,543.0,--,MIGRATION WITH CPE (actual),1830.8453125,16055.0,++,DAY_OF_YEAR (actual),-1803.16328125,152.0,--,TECH SWAP (actual),1147.791015625,5416.0,++,ASA (actual),-983.27734375,44.0,--,SKILL_OFFERED_SUM (5th lag),898.51015625,42502.0,++,Vacations (6 week max),-695.901171875,9.0,--,SKILL_OFFERED_SUM (2nd lag),-613.45703125,39111.0,--,CHURN (actual),450.534765625,12069.0,+,SKILL_OFFERED_SUM (acceleration),-371.577734375,-12552.0,-,APPROVED,TECH_2026-06-01,6,2026,6,152,23,TECH,,44,0,0,0,0,0,0,0,0,0,0,0,0,0,0,0,0,0,0,0,0,12097,16055,25961,12069,5416,543,11486,2729629,2813256,10
2026-04-20,actual,2026-04-20T00:00:00Z,2026-06-08,7,44597.44140625,MSTB (actual),-2024.682421875,543.0,--,DAY_OF_YEAR (actual),-1973.8390625,159.0,--,MIGRATION WITH CPE (actual),1959.03203125,16055.0,++,ASA (actual),1342.61328125,173.0,++,TECH SWAP (actual),1147.791015625,5416.0,++,SKILL_OFFERED_SUM (5th lag),927.448046875,42502.0,++,SKILL_OFFERED_SUM (3rd lag),826.31875,37003.0,++,Vacations (6 week max),-695.894921875,9.0,--,CHURN (actual),601.116796875,12069.0,+,SKILL_OFFERED_SUM (2nd lag),-572.1921875,39111.0,-,APPROVED,TECH_2026-06-08,7,2026,6,159,24,TECH,,173,0,0,0,0,0,0,0,0,0,0,0,0,0,0,0,0,0,0,0,0,12097,16055,25966,12069,5416,543,11486,2728691,2812323,10
2026-04-20,actual,2026-04-20T00:00:00Z,2026-06-15,8,42286.1796875,DAY_OF_YEAR (actual),-2163.84765625,166.0,--,MSTB (actual),-2024.682421875,543.0,--,MIGRATION WITH CPE (actual),1830.8453125,16055.0,++,TECH SWAP (actual),1147.791015625,5416.0,++,ASA (actual),-1044.23828125,45.0,--,SKILL_OFFERED_SUM (5th lag),912.16171875,42502.0,++,Vacations (6 week max),-695.901171875,9.0,--,SKILL_OFFERED_SUM (2nd lag),-643.565234375,39111.0,--,1e Paasdag (6 week fraction equal 1),-467.1355304688,0.1666666666666666,-,CHURN (actual),450.534765625,12069.0,+,APPROVED,TECH_2026-06-15,8,2026,6,166,25,TECH,,45,0,0,0,0,0,0,0,0,0,0,0,0,0,0,0,0,0,0,0,0,12097,16055,25975,12069,5416,543,11486,2727751,2811392,10
2026-04-20,actual,2026-04-20T00:00:00Z,2026-06-22,9,42302.90625,DAY_OF_YEAR (actual),-2163.84765625,173.0,--,MSTB (actual),-2024.682421875,543.0,--,MIGRATION WITH CPE (actual),1830.8453125,16055.0,++,TECH SWAP (actual),1147.791015625,5416.0,++,ASA (actual),-1044.23828125,45.0,--,SKILL_OFFERED_SUM (5th lag),828.65234375,42502.0,++,Vacations (6 week max),-695.901171875,9.0,--,SKILL_OFFERED_SUM (2nd lag),-643.565234375,39111.0,--,1e Paasdag (6 week fraction equal 1),-360.0335148438,0.1666666666666666,-,SKILL_OFFERED_SUM (6 week min),-350.190625,37003.0,-,APPROVED,TECH_2026-06-22,9,2026,6,173,26,TECH,,45,0,0,0,0,0,0,0,0,0,0,0,0,0,0,0,0,0,0,0,0,12097,16055,25979,12069,5416,543,11486,2726811,2810456,10
2026-04-20,actual,2026-04-20T00:00:00Z,2026-06-29,10,40352.328125,MSTB (actual),-2063.669921875,485.0,--,DAY_OF_YEAR (actual),-2040.71484375,180.0,--,MIGRATION WITH CPE (actual),1134.16640625,13994.0,++,ASA (actual),-921.15859375,45.0,--,WEEK_OF_YEAR (6 week mean),-919.37109375,14.5,--,SKILL_OFFERED_SUM (2nd lag),-919.303515625,39111.0,--,Vacations (6 week max),-832.294140625,9.0,--,SKILL_OFFERED_SUM (5th lag),828.66015625,42502.0,++,TECH SWAP (actual),-718.345703125,4822.0,--,CHURN (actual),508.078515625,11029.0,+,APPROVED,TECH_2026-06-29,10,2026,6,180,27,TECH,,45,0,0,0,0,0,0,0,0,0,0,0,0,0,3,0,0,3,0,0,0,11002,13994,25984,11029,4822,485,10843,2727167,2805326,10
2026-04-20,actual,2026-04-20T00:00:00Z,2026-07-06,11,41509.2890625,MSTB (actual),-2081.248046875,525.0,--,DAY_OF_YEAR (actual),-2040.7171875,187.0,--,TECH SWAP (actual),1147.791015625,5194.0,++,MIGRATION WITH CPE (actual),1134.1609375,14916.0,++,ASA (actual),-984.4796875,45.0,--,SKILL_OFFERED_SUM (5th lag),789.2328125,42502.0,++,Vacations (6 week max),-695.894921875,9.0,--,SKILL_OFFERED_SUM (2nd lag),-587.20703125,39111.0,--,SKILL_OFFERED_SUM (3rd lag),552.2171875,37003.0,++,SKILL_OFFERED_SUM (acceleration),-546.468359375,-12552.0,--,APPROVED,TECH_2026-07-06,11,2026,7,187,28,TECH,,45,0,0,0,0,0,0,0,0,0,0,0,0,0,21,0,0,21,0,0,0,11956,14916,25988,12105,5194,525,11980,2724981,2807645,10
2026-04-20,actual,2026-04-20T00:00:00Z,2026-07-13,12,38948.32421875,Zomer (actual),-3028.5637550781,39.0,---,MSTB (actual),-2081.244921875,525.0,--,DAY_OF_YEAR (actual),-2040.71484375,194.0,--,MIGRATION WITH CPE (actual),1273.75625,14916.0,++,TECH SWAP (actual),1127.783203125,5194.0,++,ASA (actual),-1045.4375,45.0,--,SKILL_OFFERED_SUM (acceleration),-798.957421875,-12552.0,--,SKILL_OFFERED_SUM (5th lag),789.23515625,42502.0,++,Vacations (6 week max),-695.894921875,9.0,--,SKILL_OFFERED_SUM (3rd lag),654.3640625,37003.0,+,APPROVED,TECH_2026-07-13,12,2026,7,194,29,TECH,,45,0,0,0,0,0,0,0,0,0,0,0,0,0,39,0,0,39,0,0,0,11956,14916,25989,12105,5194,525,11980,2723924,2806589,10
2026-04-20,actual,2026-04-20T00:00:00Z,2026-07-20,13,39272.5703125,Zomer (actual),-2824.2317238281,54.0,---,MSTB (actual),-2081.244921875,525.0,--,DAY_OF_YEAR (actual),-1938.548828125,201.0,--,MIGRATION WITH CPE (actual),1165.19609375,14916.0,++,TECH SWAP (actual),1127.783203125,5194.0,++,ASA (actual),-1045.4375,45.0,--,SKILL_OFFERED_SUM (5th lag),789.23515625,42502.0,++,Vacations (6 week max),-695.894921875,9.0,--,ADDON (actual),604.197265625,11980.0,+,SKILL_OFFERED_SUM (2nd lag),-518.398046875,39111.0,-,APPROVED,TECH_2026-07-20,13,2026,7,201,30,TECH,,45,0,0,0,0,0,0,0,0,0,0,0,0,0,54,0,0,54,0,0,0,11956,14916,25988,12105,5194,525,11980,2722869,2805533,10
2026-04-27,planned,2026-04-27T00:00:00Z,2026-05-04,1,43363.76953125,MSTB (actual),-2044.383984375,540.0,---,DAY_OF_YEAR (actual),-1203.545703125,124.0,--,SKILL_OFFERED_SUM (5th lag),1150.869921875,42801.0,++,TECH SWAP (actual),872.661328125,5419.0,++,ADDON (actual),825.92734375,12082.0,++,WEEK_OF_YEAR (6 week mean),-682.763671875,15.5,--,SKILL_OFFERED_SUM (3rd lag),-587.266796875,39111.0,--,SKILL_OFFERED_SUM (6 week std),528.836328125,2540.6022448755466,++,SKILL_OFFERED_SUM (naive latest value),519.478125,37124.0,++,MIGRATION WITH CPE (actual),-501.91171875,8874.0,--,APPROVED,TECH_2026-05-04,1,2026,5,124,19,TECH,,60,0,0,0,0,0,0,0,0,0,0,0,0,0,0,0,0,0,0,0,0,12257,8874,30312,13377,5419,540,12082,2715718,2798579,10
2026-04-27,planned,2026-04-27T00:00:00Z,2026-05-11,2,43886.40234375,SKILL_OFFERED_SUM (5th lag),1164.521484375,42801.0,++,TECH SWAP (actual),1007.237890625,5419.0,++,ADDON (actual),825.92421875,12082.0,++,Holidays (actual),729.614925,3.0,++,SKILL_OFFERED_SUM (3rd lag),-587.269140625,39111.0,--,WEEK_OF_YEAR (6 week mean),-583.239453125,15.5,--,MIGRATION WITH CPE (actual),-542.93515625,8874.0,--,SKILL_OFFERED_SUM (6 week mean),532.937109375,39572.833333333336,++,SKILL_OFFERED_SUM (6 week std),528.835546875,2540.6022448755466,++,MIGRATION WITHOU CPE (actual),511.0453125,30309.0,++,APPROVED,TECH_2026-05-11,2,2026,5,131,20,TECH,,60,0,0,0,0,3,0,0,0,0,0,3,0,0,0,0,0,0,0,0,0,12257,8874,30309,13377,5419,540,12082,2714053,2796911,10
2026-04-27,planned,2026-04-27T00:00:00Z,2026-05-18,3,42929.54296875,MSTB (actual),-1870.349609375,540.0,---,SKILL_OFFERED_SUM (5th lag),1164.521484375,42801.0,++,DAY_OF_YEAR (actual),-1075.858984375,138.0,--,TECH SWAP (actual),917.80390625,5419.0,++,ADDON (actual),825.92734375,12082.0,++,WEEK_OF_YEAR (6 week mean),-777.291015625,15.5,--,ASA (actual),-596.486328125,60.0,--,SKILL_OFFERED_SUM (3rd lag),-568.098046875,39111.0,--,MIGRATION WITH CPE (actual),-542.93515625,8874.0,--,SKILL_OFFERED_SUM (6 week mean),532.937109375,39572.833333333336,++,APPROVED,TECH_2026-05-18,3,2026,5,138,21,TECH,,60,0,0,0,0,0,1,0,0,0,0,1,0,0,0,0,0,0,0,0,0,12257,8874,30303,13377,5419,540,12082,2712388,2795240,10
2026-04-27,planned,2026-04-27T00:00:00Z,2026-05-25,4,43112.27734375,ADDON (actual),1224.25390625,12082.0,++,SKILL_OFFERED_SUM (5th lag),1164.521484375,42801.0,++,TECH SWAP (actual),1052.38359375,5419.0,++,WEEK_OF_YEAR (6 week mean),-677.770703125,15.5,--,SKILL_OFFERED_SUM (acceleration),652.191015625,-791.0,++,SKILL_OFFERED_SUM (3rd lag),-599.404296875,39111.0,--,ASA (actual),-563.045703125,60.0,--,SKILL_OFFERED_SUM (6 week mean),532.934765625,39572.833333333336,++,START_OF_WEEK (Day of Month) (actual),-518.10703125,25.0,--,DAY_OF_YEAR (actual),-514.34375,145.0,--,APPROVED,TECH_2026-05-25,4,2026,5,145,22,TECH,,60,0,0,0,0,0,0,3,0,0,0,3,0,0,0,0,0,0,0,0,0,12257,8874,30300,13377,5419,540,12082,2710723,2793572,10
2026-04-27,planned,2026-04-27T00:00:00Z,2026-06-01,5,44782.34375,MSTB (actual),-2319.768359375,542.0,---,DAY_OF_YEAR (actual),-1650.848828125,152.0,--,SKILL_OFFERED_SUM (5th lag),1150.869921875,42801.0,++,TECH SWAP (actual),1020.865234375,5410.0,++,MIGRATION WITH CPE (actual),815.40234375,11037.0,++,SKILL_OFFERED_SUM (acceleration),770.238671875,-791.0,++,ASA (actual),-685.780078125,60.0,--,ADDON (actual),586.101953125,11693.0,++,SKILL_OFFERED_SUM (6 week std),528.835546875,2540.6022448755466,++,WEEK_OF_YEAR (6 week mean),-519.573046875,15.5,--,APPROVED,TECH_2026-06-01,5,2026,6,152,23,TECH,,60,0,0,0,0,0,0,0,0,0,0,0,0,0,0,0,0,0,0,0,0,12142,11037,30300,12609,5410,542,11693,2710196,2793929,10
2026-04-27,planned,2026-04-27T00:00:00Z,2026-06-08,6,43886.0,DAY_OF_YEAR (actual),-2242.490234375,159.0,---,MSTB (actual),-2145.732421875,542.0,--,SKILL_OFFERED_SUM (5th lag),1164.521484375,42801.0,++,ADDON (actual),1144.357421875,11693.0,++,TECH SWAP (actual),1020.865234375,5410.0,++,MIGRATION WITH CPE (actual),815.40234375,11037.0,++,SKILL_OFFERED_SUM (acceleration),770.238671875,-791.0,++,ASA (actual),-685.780078125,60.0,--,SKILL_OFFERED_SUM (6 week std),558.976171875,2540.6022448755466,++,SKILL_OFFERED_SUM (3rd lag),-530.754296875,39111.0,-,APPROVED,TECH_2026-06-08,6,2026,6,159,24,TECH,,60,0,0,0,0,0,0,0,0,0,0,0,0,0,0,0,0,0,0,0,0,12142,11037,30300,12609,5410,542,11693,2709098,2792831,10
2026-04-27,planned,2026-04-27T00:00:00Z,2026-06-15,7,43764.078125,DAY_OF_YEAR (actual),-2242.490234375,166.0,---,MSTB (actual),-2145.732421875,542.0,--,SKILL_OFFERED_SUM (5th lag),1164.521484375,42801.0,++,ADDON (actual),1144.357421875,11693.0,++,TECH SWAP (actual),1020.865234375,5410.0,++,MIGRATION WITH CPE (actual),815.40234375,11037.0,++,SKILL_OFFERED_SUM (acceleration),770.238671875,-791.0,++,ASA (actual),-746.741015625,60.0,--,WEEK_OF_YEAR (6 week mean),-564.305859375,15.5,--,SKILL_OFFERED_SUM (6 week std),558.976171875,2540.6022448755466,++,APPROVED,TECH_2026-06-15,7,2026,6,166,25,TECH,,60,0,0,0,0,0,0,0,0,0,0,0,0,0,0,0,0,0,0,0,0,12142,11037,30303,12609,5410,542,11693,2708001,2791737,10
2026-04-27,planned,2026-04-27T00:00:00Z,2026-06-22,8,43764.078125,DAY_OF_YEAR (actual),-2324.501171875,173.0,---,MSTB (actual),-2145.732421875,542.0,--,SKILL_OFFERED_SUM (5th lag),1164.521484375,42801.0,++,ADDON (actual),1144.357421875,11693.0,++,TECH SWAP (actual),1020.865234375,5410.0,++,MIGRATION WITH CPE (actual),815.40234375,11037.0,++,ASA (actual),-746.741015625,60.0,--,SKILL_OFFERED_SUM (acceleration),686.873046875,-791.0,++,WEEK_OF_YEAR (6 week mean),-564.305859375,15.5,--,SKILL_OFFERED_SUM (6 week std),558.976171875,2540.6022448755466,++,APPROVED,TECH_2026-06-22,8,2026,6,173,26,TECH,,60,0,0,0,0,0,0,0,0,0,0,0,0,0,0,0,0,0,0,0,0,12142,11037,30303,12609,5410,542,11693,2706902,2790638,10
2026-04-27,planned,2026-04-27T00:00:00Z,2026-06-29,9,43556.41796875,DAY_OF_YEAR (actual),-2243.48671875,180.0,--,MSTB (actual),-2184.723046875,487.0,--,MIGRATION WITH CPE (actual),1696.68359375,12695.0,++,WEEK_OF_YEAR (6 week mean),-1211.702734375,15.5,--,SKILL_OFFERED_SUM (5th lag),1081.019140625,42801.0,++,ADDON (actual),1080.347265625,11055.0,++,SKILL_OFFERED_SUM (acceleration),753.372265625,-791.0,++,TECH SWAP (actual),-672.998046875,4817.0,--,ASA (actual),-623.666796875,60.0,--,SKILL_OFFERED_SUM (6 week std),540.675390625,2540.6022448755466,+,APPROVED,TECH_2026-06-29,9,2026,6,180,27,TECH,,60,0,0,0,0,0,0,0,0,0,0,0,0,0,3,0,0,3,0,0,0,11068,12695,30309,11270,4817,487,11055,2707558,2789259,10
2026-04-27,planned,2026-04-27T00:00:00Z,2026-07-06,10,45361.87890625,MIGRATION WITH CPE (actual),2393.37109375,15096.0,++,MSTB (actual),-2202.297265625,524.0,--,DAY_OF_YEAR (actual),-2201.371484375,187.0,--,ADDON (actual),1153.109765625,12227.0,++,SKILL_OFFERED_SUM (5th lag),1041.594140625,42801.0,++,TECH SWAP (actual),1020.865234375,5185.0,++,SKILL_OFFERED_SUM (acceleration),688.180078125,-791.0,++,ASA (actual),-686.982421875,60.0,--,WEEK_OF_YEAR (6 week mean),-617.876171875,15.5,-,SKILL_OFFERED_SUM (6 week std),565.887890625,2540.6022448755466,+,APPROVED,TECH_2026-07-06,10,2026,7,187,28,TECH,,60,0,0,0,0,0,0,0,0,0,0,0,0,0,21,0,0,21,0,0,0,12039,15096,30311,12227,5185,524,12227,2705443,2793052,10
2026-04-27,planned,2026-04-27T00:00:00Z,2026-07-13,11,42450.79296875,Zomer (actual),-3028.5641339844,39.0,---,MIGRATION WITH CPE (actual),2393.36640625,15096.0,++,MSTB (actual),-2202.300390625,524.0,--,DAY_OF_YEAR (actual),-2201.373828125,194.0,--,ADDON (actual),1153.103515625,12227.0,++,SKILL_OFFERED_SUM (5th lag),1041.587109375,42801.0,++,TECH SWAP (actual),912.635546875,5185.0,++,ASA (actual),-747.945703125,60.0,-,WEEK_OF_YEAR (6 week mean),-726.930859375,15.5,-,SKILL_OFFERED_SUM (6 week std),668.536328125,2540.6022448755466,+,APPROVED,TECH_2026-07-13,11,2026,7,194,29,TECH,,60,0,0,0,0,0,0,0,0,0,0,0,0,0,39,0,0,39,0,0,0,12039,15096,30312,12227,5185,524,12227,2704500,2792110,10
2026-04-27,planned,2026-04-27T00:00:00Z,2026-07-20,12,42793.078125,Zomer (actual),-2824.2321027344,54.0,--,MIGRATION WITH CPE (actual),2532.95625,15096.0,++,MSTB (actual),-2202.300390625,524.0,--,DAY_OF_YEAR (actual),-2099.2078125,201.0,--,ADDON (actual),1134.0375,12227.0,++,SKILL_OFFERED_SUM (5th lag),1041.587109375,42801.0,++,TECH SWAP (actual),912.635546875,5185.0,++,ASA (actual),-747.945703125,60.0,--,WEEK_OF_YEAR (6 week mean),-726.930859375,15.5,-,SKILL_OFFERED_SUM (6 week std),668.536328125,2540.6022448755466,+,APPROVED,TECH_2026-07-20,12,2026,7,201,30,TECH,,60,0,0,0,0,0,0,0,0,0,0,0,0,0,54,0,0,54,0,0,0,12039,15096,30313,12227,5185,524,12227,2703556,2791167,10
2026-04-27,planned,2026-04-27T00:00:00Z,2026-07-27,13,41896.21484375,Zomer (actual),-2709.2983488281,54.0,--,MSTB (actual),-2241.287890625,502.0,--,DAY_OF_YEAR (actual),-2099.207421875,208.0,--,ADDON (actual),1402.6546875,11580.0,++,MIGRATION WITH CPE (actual),1302.080078125,14403.0,++,SKILL_OFFERED_SUM (5th lag),1041.594140625,42801.0,++,TECH SWAP (actual),830.219140625,4973.0,++,WEEK_OF_YEAR (6 week mean),-707.0765625,15.5,--,SKILL_OFFERED_SUM (6 week std),650.235546875,2540.6022448755466,+,ASA (actual),-623.666796875,60.0,-,APPROVED,TECH_2026-07-27,13,2026,7,208,31,TECH,,60,0,0,0,0,0,0,0,0,0,0,0,0,0,54,0,0,54,0,0,0,11504,14403,30316,11786,4973,502,11580,2703254,2788318,10
2026-04-27,actual,2026-04-27T00:00:00Z,2026-05-04,1,45972.21875,MIGRATION WITH CPE (actual),2146.95390625,17227.0,+++,MSTB (actual),-2044.383203125,541.0,--,DAY_OF_YEAR (actual),-1203.5453125,124.0,--,SKILL_OFFERED_SUM (5th lag),1135.594140625,42801.0,++,TECH SWAP (actual),872.662890625,5430.0,++,ADDON (actual),746.027734375,12016.0,++,SKILL_OFFERED_SUM (3rd lag),-722.487890625,39111.0,--,ASA (actual),-664.819140625,33.0,--,SKILL_OFFERED_SUM (6 week mean),592.597265625,39572.833333333336,++,WEEK_OF_YEAR (6 week mean),-558.906640625,15.5,--,APPROVED,TECH_2026-05-04,1,2026,5,124,19,TECH,,33,0,0,0,0,0,0,0,0,0,0,0,0,0,0,0,0,0,0,0,0,12229,17227,25969,12563,5430,541,12016,2733387,2819362,10
2026-04-27,actual,2026-04-27T00:00:00Z,2026-05-11,2,46082.7578125,MIGRATION WITH CPE (actual),2828.17890625,17227.0,+++,SKILL_OFFERED_SUM (5th lag),1089.593359375,42801.0,++,TECH SWAP (actual),1007.239453125,5430.0,++,ASA (actual),-982.739453125,22.0,--,ADDON (actual),750.725390625,12016.0,++,Holidays (actual),729.614925,3.0,++,SKILL_OFFERED_SUM (3rd lag),-722.489453125,39111.0,--,SKILL_OFFERED_SUM (6 week mean),693.384765625,39572.833333333336,++,SKILL_OFFERED_SUM (naive latest value),512.31875,37124.0,++,MIGRATION WITHOU CPE (actual),511.04375,25966.0,++,APPROVED,TECH_2026-05-11,2,2026,5,131,20,TECH,,22,0,0,0,0,3,0,0,0,0,0,3,0,0,0,0,0,0,0,0,0,12229,17227,25966,12563,5430,541,12016,2732232,2818204,10
2026-04-27,actual,2026-04-27T00:00:00Z,2026-05-18,3,45125.8984375,MIGRATION WITH CPE (actual),2828.1796875,17227.0,+++,MSTB (actual),-1870.347265625,541.0,--,ASA (actual),-1184.673046875,22.0,--,DAY_OF_YEAR (actual),-1119.98125,138.0,--,SKILL_OFFERED_SUM (5th lag),1089.593359375,42801.0,++,TECH SWAP (actual),917.80546875,5430.0,++,ADDON (actual),750.720703125,12016.0,++,SKILL_OFFERED_SUM (3rd lag),-703.323046875,39111.0,--,SKILL_OFFERED_SUM (6 week mean),693.387109375,39572.833333333336,++,WEEK_OF_YEAR (6 week mean),-601.617578125,15.5,--,APPROVED,TECH_2026-05-18,3,2026,5,138,21,TECH,,22,0,0,0,0,0,1,0,0,0,0,1,0,0,0,0,0,0,0,0,0,12229,17227,25961,12563,5430,541,12016,2731077,2817044,10
2026-04-27,actual,2026-04-27T00:00:00Z,2026-05-25,4,45854.0859375,MIGRATION WITH CPE (actual),2318.34375,17227.0,+++,SKILL_OFFERED_SUM (5th lag),1164.516015625,42801.0,++,ADDON (actual),1144.349609375,12016.0,++,TECH SWAP (actual),1052.38203125,5430.0,++,SKILL_OFFERED_SUM (acceleration),745.023046875,-791.0,++,SKILL_OFFERED_SUM (6 week mean),646.190234375,39572.833333333336,++,ASA (actual),-605.775390625,53.0,--,SKILL_OFFERED_SUM (3rd lag),-599.405859375,39111.0,--,WEEK_OF_YEAR (6 week mean),-588.798828125,15.5,--,START_OF_WEEK (Day of Month) (actual),-518.11328125,25.0,--,APPROVED,TECH_2026-05-25,4,2026,5,145,22,TECH,,53,0,0,0,0,0,0,3,0,0,0,3,0,0,0,0,0,0,0,0,0,12229,17227,25953,12563,5430,541,12016,2729921,2815880,10
2026-04-27,actual,2026-04-27T00:00:00Z,2026-06-01,5,46374.91015625,MIGRATION WITH CPE (actual),2393.3671875,16055.0,+++,MSTB (actual),-2319.768359375,543.0,--,DAY_OF_YEAR (actual),-1650.85078125,152.0,--,SKILL_OFFERED_SUM (5th lag),1135.588671875,42801.0,++,TECH SWAP (actual),1020.865234375,5416.0,++,SKILL_OFFERED_SUM (acceleration),863.073046875,-791.0,++,ASA (actual),-671.178515625,44.0,--,SKILL_OFFERED_SUM (3rd lag),-595.168359375,39111.0,--,ADDON (actual),586.098828125,11486.0,+,WEEK_OF_YEAR (6 week mean),-556.882421875,15.5,-,APPROVED,TECH_2026-06-01,5,2026,6,152,23,TECH,,44,0,0,0,0,0,0,0,0,0,0,0,0,0,0,0,0,0,0,0,0,12097,16055,25961,12069,5416,543,11486,2729629,2813256,10
2026-04-27,actual,2026-04-27T00:00:00Z,2026-06-08,6,47101.0859375,MIGRATION WITH CPE (actual),2521.54921875,16055.0,++,MSTB (actual),-2145.734765625,543.0,--,DAY_OF_YEAR (actual),-2134.495703125,159.0,--,SKILL_OFFERED_SUM (5th lag),1164.521484375,42801.0,++,ADDON (actual),1041.224609375,11486.0,++,TECH SWAP (actual),1020.863671875,5416.0,++,ASA (actual),951.341015625,173.0,++,SKILL_OFFERED_SUM (acceleration),802.067578125,-791.0,++,WEEK_OF_YEAR (6 week mean),-556.876171875,15.5,-,SKILL_OFFERED_SUM (3rd lag),-515.307421875,39111.0,-,APPROVED,TECH_2026-06-08,6,2026,6,159,24,TECH,,173,0,0,0,0,0,0,0,0,0,0,0,0,0,0,0,0,0,0,0,0,12097,16055,25966,12069,5416,543,11486,2728691,2812323,10
2026-04-27,actual,2026-04-27T00:00:00Z,2026-06-15,7,45356.64453125,MIGRATION WITH CPE (actual),2393.3671875,16055.0,++,DAY_OF_YEAR (actual),-2242.4921875,166.0,--,MSTB (actual),-2145.732421875,543.0,--,SKILL_OFFERED_SUM (5th lag),1149.240234375,42801.0,++,ADDON (actual),1144.354296875,11486.0,++,TECH SWAP (actual),1020.865234375,5416.0,++,SKILL_OFFERED_SUM (acceleration),863.073046875,-791.0,++,ASA (actual),-732.139453125,45.0,--,SKILL_OFFERED_SUM (3rd lag),-665.976953125,39111.0,--,WEEK_OF_YEAR (6 week mean),-601.613671875,15.5,-,APPROVED,TECH_2026-06-15,7,2026,6,166,25,TECH,,45,0,0,0,0,0,0,0,0,0,0,0,0,0,0,0,0,0,0,0,0,12097,16055,25975,12069,5416,543,11486,2727751,2811392,10
2026-04-27,actual,2026-04-27T00:00:00Z,2026-06-22,8,45356.64453125,MIGRATION WITH CPE (actual),2393.3671875,16055.0,++,DAY_OF_YEAR (actual),-2324.503125,173.0,--,MSTB (actual),-2145.732421875,543.0,--,SKILL_OFFERED_SUM (5th lag),1149.240234375,42801.0,++,ADDON (actual),1144.354296875,11486.0,++,TECH SWAP (actual),1020.865234375,5416.0,++,SKILL_OFFERED_SUM (acceleration),779.707421875,-791.0,++,ASA (actual),-732.139453125,45.0,--,SKILL_OFFERED_SUM (3rd lag),-646.808203125,39111.0,-,WEEK_OF_YEAR (6 week mean),-601.613671875,15.5,-,APPROVED,TECH_2026-06-22,8,2026,6,173,26,TECH,,45,0,0,0,0,0,0,0,0,0,0,0,0,0,0,0,0,0,0,0,0,12097,16055,25979,12069,5416,543,11486,2726811,2810456,10
2026-04-27,actual,2026-04-27T00:00:00Z,2026-06-29,9,43788.28515625,DAY_OF_YEAR (actual),-2243.487109375,180.0,--,MSTB (actual),-2184.723828125,485.0,--,MIGRATION WITH CPE (actual),1696.67890625,13994.0,++,WEEK_OF_YEAR (6 week mean),-1211.700390625,15.5,--,ADDON (actual),1080.347265625,10843.0,++,SKILL_OFFERED_SUM (5th lag),1065.731640625,42801.0,++,SKILL_OFFERED_SUM (acceleration),753.369921875,-791.0,++,TECH SWAP (actual),-672.999609375,4822.0,--,ASA (actual),-609.059765625,45.0,--,SKILL_OFFERED_SUM (3rd lag),-556.537109375,39111.0,-,APPROVED,TECH_2026-06-29,9,2026,6,180,27,TECH,,45,0,0,0,0,0,0,0,0,0,0,0,0,0,3,0,0,3,0,0,0,11002,13994,25984,11029,4822,485,10843,2727167,2805326,10
2026-04-27,actual,2026-04-27T00:00:00Z,2026-07-06,10,44679.79296875,MSTB (actual),-2202.297265625,525.0,--,DAY_OF_YEAR (actual),-2201.3734375,187.0,--,MIGRATION WITH CPE (actual),1696.68359375,14916.0,++,ADDON (actual),1153.106640625,11980.0,++,SKILL_OFFERED_SUM (5th lag),1026.312890625,42801.0,++,TECH SWAP (actual),1020.865234375,5194.0,++,SKILL_OFFERED_SUM (acceleration),688.178515625,-791.0,++,ASA (actual),-672.380859375,45.0,--,WEEK_OF_YEAR (6 week mean),-617.880859375,15.5,--,SKILL_OFFERED_SUM (6 week std),565.884765625,2540.6022448755466,+,APPROVED,TECH_2026-07-06,10,2026,7,187,28,TECH,,45,0,0,0,0,0,0,0,0,0,0,0,0,0,21,0,0,21,0,0,0,11956,14916,25988,12105,5194,525,11980,2724981,2807645,10
2026-04-27,actual,2026-04-27T00:00:00Z,2026-07-13,11,41768.70703125,Zomer (actual),-3028.5641339844,39.0,---,MSTB (actual),-2202.300390625,525.0,--,DAY_OF_YEAR (actual),-2201.37578125,194.0,--,MIGRATION WITH CPE (actual),1696.67890625,14916.0,++,ADDON (actual),1153.100390625,11980.0,++,SKILL_OFFERED_SUM (5th lag),1026.305859375,42801.0,++,TECH SWAP (actual),912.635546875,5194.0,++,ASA (actual),-733.344140625,45.0,--,WEEK_OF_YEAR (6 week mean),-726.935546875,15.5,--,SKILL_OFFERED_SUM (6 week std),668.533203125,2540.6022448755466,+,APPROVED,TECH_2026-07-13,11,2026,7,194,29,TECH,,45,0,0,0,0,0,0,0,0,0,0,0,0,0,39,0,0,39,0,0,0,11956,14916,25989,12105,5194,525,11980,2723924,2806589,10
2026-04-27,actual,2026-04-27T00:00:00Z,2026-07-20,12,42110.9921875,Zomer (actual),-2824.2321027344,54.0,--,MSTB (actual),-2202.300390625,525.0,--,DAY_OF_YEAR (actual),-2099.209765625,201.0,--,MIGRATION WITH CPE (actual),1836.26875,14916.0,++,ADDON (actual),1134.034375,11980.0,++,SKILL_OFFERED_SUM (5th lag),1026.305859375,42801.0,++,TECH SWAP (actual),912.635546875,5194.0,++,ASA (actual),-733.344140625,45.0,--,WEEK_OF_YEAR (6 week mean),-726.935546875,15.5,--,SKILL_OFFERED_SUM (6 week std),668.533203125,2540.6022448755466,+,APPROVED,TECH_2026-07-20,12,2026,7,201,30,TECH,,45,0,0,0,0,0,0,0,0,0,0,0,0,0,54,0,0,54,0,0,0,11956,14916,25988,12105,5194,525,11980,2722869,2805533,10
2026-04-27,actual,2026-04-27T00:00:00Z,2026-07-27,13,41910.82421875,Zomer (actual),-2709.2983488281,54.0,--,MSTB (actual),-2241.286328125,503.0,--,DAY_OF_YEAR (actual),-2099.20546875,208.0,--,ADDON (actual),1402.6578125,11375.0,++,MIGRATION WITH CPE (actual),1302.080078125,14309.0,++,SKILL_OFFERED_SUM (5th lag),1026.313671875,42801.0,++,TECH SWAP (actual),830.219140625,4977.0,++,WEEK_OF_YEAR (6 week mean),-707.071875,15.5,--,SKILL_OFFERED_SUM (6 week std),650.238671875,2540.6022448755466,+,ASA (actual),-609.057421875,45.0,-,APPROVED,TECH_2026-07-27,13,2026,7,208,31,TECH,,45,0,0,0,0,0,0,0,0,0,0,0,0,0,54,0,0,54,0,0,0,11440,14309,25989,11588,4977,503,11375,2722483,2802664,10
