city,data_type,week_start,week_end,days_in_week,temp_avg_c,temp_max_c,temp_min_c,precip_mm,max_gust_kmh,adverse_events
Amsterdam,historical,2024-01-01,2024-01-07,7,6.2,11.8,-1.4,41.6,94.3,snow|storm
De Bilt,historical,2024-01-01,2024-01-07,7,6.2,11.9,-2.8,40.7,88.2,snow|storm
Eindhoven,historical,2024-01-01,2024-01-07,7,6.4,11.9,-3.2,40.3,73.1,heavy_rain
Leeuwarden,historical,2024-01-01,2024-01-07,7,5.0,10.8,-1.1,47.7,91.4,heavy_rain|snow|storm
Rotterdam,historical,2024-01-01,2024-01-07,7,6.7,12.1,-2.0,42.4,83.9,storm
Amsterdam,historical,2024-01-08,2024-01-14,7,0.1,6.6,-4.8,4.3,54.4,snow
De Bilt,historical,2024-01-08,2024-01-14,7,-0.5,5.6,-6.1,5.8,50.8,snow
Eindhoven,historical,2024-01-08,2024-01-14,7,-1.3,4.2,-6.5,2.4,49.0,snow
Leeuwarden,historical,2024-01-08,2024-01-14,7,0.3,6.2,-5.7,2.4,50.8,snow
Rotterdam,historical,2024-01-08,2024-01-14,7,0.2,6.3,-5.3,2.9,52.9,
Amsterdam,historical,2024-01-15,2024-01-21,7,1.0,7.0,-4.4,7.8,66.6,snow
De Bilt,historical,2024-01-15,2024-01-21,7,0.2,6.1,-4.0,6.8,66.6,snow
Eindhoven,historical,2024-01-15,2024-01-21,7,-0.5,6.5,-4.0,4.9,61.2,snow
Leeuwarden,historical,2024-01-15,2024-01-21,7,1.8,6.1,-2.3,5.7,75.6,snow|storm
Rotterdam,historical,2024-01-15,2024-01-21,7,0.8,6.8,-3.6,4.5,67.7,snow
Amsterdam,historical,2024-01-22,2024-01-28,7,7.1,11.6,0.2,19.3,90.7,storm
De Bilt,historical,2024-01-22,2024-01-28,7,6.9,12.6,0.0,17.9,93.2,storm
Eindhoven,historical,2024-01-22,2024-01-28,7,6.7,12.9,-2.0,15.9,88.6,storm
Leeuwarden,historical,2024-01-22,2024-01-28,7,6.9,11.8,0.5,22.9,91.8,storm
Rotterdam,historical,2024-01-22,2024-01-28,7,7.2,12.4,0.2,14.6,90.4,storm
Amsterdam,historical,2024-01-29,2024-02-04,7,7.8,11.2,3.2,10.4,59.0,
De Bilt,historical,2024-01-29,2024-02-04,7,7.7,11.2,3.6,10.0,59.4,
Eindhoven,historical,2024-01-29,2024-02-04,7,7.9,11.9,2.5,9.2,52.2,
Leeuwarden,historical,2024-01-29,2024-02-04,7,7.3,11.2,2.3,9.6,62.6,
Rotterdam,historical,2024-01-29,2024-02-04,7,7.8,11.3,3.3,7.0,60.8,
Amsterdam,historical,2024-02-05,2024-02-11,7,7.6,12.9,-0.6,45.0,76.0,snow|storm
De Bilt,historical,2024-02-05,2024-02-11,7,7.9,12.8,0.3,41.6,79.9,snow|storm
Eindhoven,historical,2024-02-05,2024-02-11,7,8.2,13.4,-0.1,47.2,63.7,heavy_rain
Leeuwarden,historical,2024-02-05,2024-02-11,7,6.9,11.4,-0.7,36.3,70.9,snow
Rotterdam,historical,2024-02-05,2024-02-11,7,8.2,13.1,0.5,43.9,83.5,storm
Amsterdam,historical,2024-02-12,2024-02-18,7,9.1,15.9,4.0,50.7,59.0,heavy_rain
De Bilt,historical,2024-02-12,2024-02-18,7,9.2,15.6,3.1,33.2,62.6,heavy_rain
Eindhoven,historical,2024-02-12,2024-02-18,7,9.2,16.3,2.2,25.1,59.8,
Leeuwarden,historical,2024-02-12,2024-02-18,7,8.4,13.1,3.0,46.4,47.2,heavy_rain
Rotterdam,historical,2024-02-12,2024-02-18,7,9.4,16.0,3.5,33.1,52.9,heavy_rain
Amsterdam,historical,2024-02-19,2024-02-25,7,7.2,12.9,2.5,28.9,79.2,snow|storm
De Bilt,historical,2024-02-19,2024-02-25,7,7.2,12.8,2.2,23.2,82.4,snow|storm
Eindhoven,historical,2024-02-19,2024-02-25,7,7.4,13.9,2.8,20.9,78.1,storm
Leeuwarden,historical,2024-02-19,2024-02-25,7,6.8,12.2,1.5,27.7,79.2,snow|storm
Rotterdam,historical,2024-02-19,2024-02-25,7,7.5,13.6,2.5,28.4,80.3,snow|storm
Amsterdam,historical,2024-02-26,2024-03-03,7,7.1,14.3,1.0,17.6,56.2,
De Bilt,historical,2024-02-26,2024-03-03,7,7.0,14.6,1.6,21.7,59.4,
Eindhoven,historical,2024-02-26,2024-03-03,7,7.1,15.2,-1.1,25.1,60.5,heavy_rain
Leeuwarden,historical,2024-02-26,2024-03-03,7,7.1,15.1,0.3,11.3,56.9,
Rotterdam,historical,2024-02-26,2024-03-03,7,6.9,13.2,2.0,24.1,65.2,
Amsterdam,historical,2024-03-04,2024-03-10,7,6.4,13.1,0.7,0.8,48.6,
De Bilt,historical,2024-03-04,2024-03-10,7,6.6,13.2,0.4,0.9,49.7,
Eindhoven,historical,2024-03-04,2024-03-10,7,7.0,14.3,-0.3,2.2,47.9,
Leeuwarden,historical,2024-03-04,2024-03-10,7,5.6,11.7,0.1,1.3,46.8,
Rotterdam,historical,2024-03-04,2024-03-10,7,6.9,13.6,1.2,1.5,51.5,
Amsterdam,historical,2024-03-11,2024-03-17,7,9.6,16.6,3.0,16.2,63.0,
De Bilt,historical,2024-03-11,2024-03-17,7,9.7,16.4,3.6,19.0,58.3,
Eindhoven,historical,2024-03-11,2024-03-17,7,9.9,17.2,4.1,40.1,52.9,heavy_rain
Leeuwarden,historical,2024-03-11,2024-03-17,7,8.8,15.2,3.5,12.1,61.6,
Rotterdam,historical,2024-03-11,2024-03-17,7,9.9,16.2,4.6,20.3,58.3,
Amsterdam,historical,2024-03-18,2024-03-24,7,8.9,15.1,5.1,17.7,69.8,snow
De Bilt,historical,2024-03-18,2024-03-24,7,9.1,16.4,4.2,23.9,70.9,snow
Eindhoven,historical,2024-03-18,2024-03-24,7,9.4,18.1,3.5,18.5,66.2,snow
Leeuwarden,historical,2024-03-18,2024-03-24,7,8.4,14.4,4.3,21.3,72.4,snow
Rotterdam,historical,2024-03-18,2024-03-24,7,9.3,16.7,4.9,18.1,59.4,snow
Amsterdam,historical,2024-03-25,2024-03-31,7,8.9,15.8,2.6,14.2,51.1,
De Bilt,historical,2024-03-25,2024-03-31,7,9.0,14.9,3.0,11.2,55.4,
Eindhoven,historical,2024-03-25,2024-03-31,7,9.4,17.1,1.4,18.6,59.0,
Leeuwarden,historical,2024-03-25,2024-03-31,7,8.4,13.8,3.2,9.1,52.2,
Rotterdam,historical,2024-03-25,2024-03-31,7,9.1,14.8,2.5,13.6,59.8,
Amsterdam,historical,2024-04-01,2024-04-07,7,12.1,23.0,6.5,32.0,70.9,
De Bilt,historical,2024-04-01,2024-04-07,7,12.4,23.5,6.8,26.2,70.9,
Eindhoven,historical,2024-04-01,2024-04-07,7,13.1,25.3,7.3,22.9,66.6,
Leeuwarden,historical,2024-04-01,2024-04-07,7,11.6,22.7,6.2,31.9,67.3,
Rotterdam,historical,2024-04-01,2024-04-07,7,12.5,23.0,7.2,26.3,72.4,
Amsterdam,historical,2024-04-08,2024-04-14,7,12.7,20.0,7.5,5.5,73.8,
De Bilt,historical,2024-04-08,2024-04-14,7,13.2,21.3,7.7,7.2,76.7,storm
Eindhoven,historical,2024-04-08,2024-04-14,7,13.9,22.8,6.3,15.8,70.9,
Leeuwarden,historical,2024-04-08,2024-04-14,7,12.2,18.9,5.8,10.3,73.4,
Rotterdam,historical,2024-04-08,2024-04-14,7,13.1,21.2,7.2,10.0,75.2,storm
Amsterdam,historical,2024-04-15,2024-04-21,7,7.2,10.5,2.5,49.7,68.4,snow
De Bilt,historical,2024-04-15,2024-04-21,7,7.2,10.8,3.1,47.5,75.6,snow|storm
Eindhoven,historical,2024-04-15,2024-04-21,7,7.0,11.6,2.0,50.1,73.1,snow
Leeuwarden,historical,2024-04-15,2024-04-21,7,6.9,10.4,2.2,42.6,67.7,snow
Rotterdam,historical,2024-04-15,2024-04-21,7,7.6,10.8,2.9,46.1,76.0,snow|storm
Amsterdam,historical,2024-04-22,2024-04-28,7,7.4,16.1,-0.4,19.1,67.0,
De Bilt,historical,2024-04-22,2024-04-28,7,7.7,15.9,0.1,19.9,71.3,snow
Eindhoven,historical,2024-04-22,2024-04-28,7,7.9,16.9,-0.3,16.9,70.6,snow
Leeuwarden,historical,2024-04-22,2024-04-28,7,7.1,16.5,-0.8,21.4,67.0,snow
Rotterdam,historical,2024-04-22,2024-04-28,7,7.9,15.5,0.1,21.3,70.2,snow
Amsterdam,historical,2024-04-29,2024-05-05,7,13.9,24.5,5.7,26.7,50.4,
De Bilt,historical,2024-04-29,2024-05-05,7,14.2,24.0,6.2,37.0,49.3,
Eindhoven,historical,2024-04-29,2024-05-05,7,14.4,24.6,6.8,32.8,47.2,
Leeuwarden,historical,2024-04-29,2024-05-05,7,14.2,25.3,6.4,14.0,46.4,
Rotterdam,historical,2024-04-29,2024-05-05,7,13.6,22.4,6.2,24.4,50.4,
Amsterdam,historical,2024-05-06,2024-05-12,7,13.9,24.0,6.1,1.5,37.8,
De Bilt,historical,2024-05-06,2024-05-12,7,14.5,24.0,7.5,0.6,40.0,
Eindhoven,historical,2024-05-06,2024-05-12,7,15.0,25.0,6.7,16.2,36.0,
Leeuwarden,historical,2024-05-06,2024-05-12,7,12.4,21.7,5.5,0.4,42.1,
Rotterdam,historical,2024-05-06,2024-05-12,7,14.4,24.2,6.9,1.7,40.0,
Amsterdam,historical,2024-05-13,2024-05-19,7,16.9,25.1,11.2,22.3,47.5,
De Bilt,historical,2024-05-13,2024-05-19,7,17.2,25.3,12.2,29.2,46.1,
Eindhoven,historical,2024-05-13,2024-05-19,7,16.8,26.3,11.7,36.1,47.9,
Leeuwarden,historical,2024-05-13,2024-05-19,7,17.8,25.4,11.6,13.9,47.2,
Rotterdam,historical,2024-05-13,2024-05-19,7,16.5,24.8,11.3,27.0,43.9,
Amsterdam,historical,2024-05-20,2024-05-26,7,15.5,22.5,10.5,61.9,46.4,heavy_rain
De Bilt,historical,2024-05-20,2024-05-26,7,15.7,22.9,10.7,57.7,47.2,heavy_rain
Eindhoven,historical,2024-05-20,2024-05-26,7,15.5,23.0,10.8,43.4,47.9,heavy_rain
Leeuwarden,historical,2024-05-20,2024-05-26,7,16.0,22.7,10.4,56.5,47.5,heavy_rain
Rotterdam,historical,2024-05-20,2024-05-26,7,15.3,22.4,11.5,65.9,49.0,heavy_rain
Amsterdam,historical,2024-05-27,2024-06-02,7,14.4,18.9,10.4,48.6,45.4,heavy_rain
De Bilt,historical,2024-05-27,2024-06-02,7,14.6,19.1,10.1,25.1,49.0,
Eindhoven,historical,2024-05-27,2024-06-02,7,14.9,19.3,9.0,24.6,48.6,
Leeuwarden,historical,2024-05-27,2024-06-02,7,14.5,18.0,10.4,33.3,48.2,heavy_rain
Rotterdam,historical,2024-05-27,2024-06-02,7,14.4,18.6,10.1,29.8,52.6,
Amsterdam,historical,2024-06-03,2024-06-09,7,13.2,18.9,8.2,11.6,51.1,
De Bilt,historical,2024-06-03,2024-06-09,7,13.5,19.1,8.1,7.5,52.6,
Eindhoven,historical,2024-06-03,2024-06-09,7,14.1,20.5,7.1,1.2,40.7,
Leeuwarden,historical,2024-06-03,2024-06-09,7,13.0,18.6,6.9,14.9,53.3,
Rotterdam,historical,2024-06-03,2024-06-09,7,13.7,19.7,8.1,9.3,49.0,
Amsterdam,historical,2024-06-10,2024-06-16,7,12.8,17.5,8.7,59.8,65.9,heavy_rain
De Bilt,historical,2024-06-10,2024-06-16,7,13.0,17.8,9.0,40.7,70.9,heavy_rain
Eindhoven,historical,2024-06-10,2024-06-16,7,13.1,18.6,6.8,38.0,76.7,storm
Leeuwarden,historical,2024-06-10,2024-06-16,7,12.4,16.7,8.4,80.0,62.3,heavy_rain
Rotterdam,historical,2024-06-10,2024-06-16,7,13.1,17.5,9.1,46.1,79.6,heavy_rain|storm
Amsterdam,historical,2024-06-17,2024-06-23,7,15.5,22.2,9.5,12.9,39.6,
De Bilt,historical,2024-06-17,2024-06-23,7,15.7,22.8,10.1,13.8,41.8,
Eindhoven,historical,2024-06-17,2024-06-23,7,16.4,23.0,11.3,26.4,37.8,
Leeuwarden,historical,2024-06-17,2024-06-23,7,15.0,22.1,8.0,13.6,43.9,
Rotterdam,historical,2024-06-17,2024-06-23,7,15.7,22.6,10.1,10.8,41.0,
Amsterdam,historical,2024-06-24,2024-06-30,7,19.3,27.3,11.9,1.0,45.0,
De Bilt,historical,2024-06-24,2024-06-30,7,19.8,28.4,11.9,1.2,47.2,
Eindhoven,historical,2024-06-24,2024-06-30,7,20.5,29.4,11.6,10.8,41.4,
Leeuwarden,historical,2024-06-24,2024-06-30,7,18.7,27.5,11.4,2.9,49.7,
Rotterdam,historical,2024-06-24,2024-06-30,7,19.2,27.9,11.6,1.8,46.8,
Amsterdam,historical,2024-07-01,2024-07-07,7,14.7,18.6,9.9,50.3,80.3,storm
De Bilt,historical,2024-07-01,2024-07-07,7,14.9,18.9,10.9,29.5,81.4,storm
Eindhoven,historical,2024-07-01,2024-07-07,7,15.4,20.5,9.7,15.5,67.0,
Leeuwarden,historical,2024-07-01,2024-07-07,7,14.7,18.7,10.6,37.8,90.4,storm
Rotterdam,historical,2024-07-01,2024-07-07,7,15.1,18.4,11.5,49.4,78.8,storm
Amsterdam,historical,2024-07-08,2024-07-14,7,16.4,26.0,11.8,28.0,49.7,
De Bilt,historical,2024-07-08,2024-07-14,7,16.7,27.1,11.8,25.1,48.2,
Eindhoven,historical,2024-07-08,2024-07-14,7,17.5,30.1,10.9,43.7,51.1,heavy_rain
Leeuwarden,historical,2024-07-08,2024-07-14,7,16.5,25.6,12.1,51.0,59.4,heavy_rain
Rotterdam,historical,2024-07-08,2024-07-14,7,16.4,26.6,12.3,28.6,45.0,
Amsterdam,historical,2024-07-15,2024-07-21,7,19.4,28.9,11.1,30.7,48.2,heavy_rain
De Bilt,historical,2024-07-15,2024-07-21,7,19.8,28.9,12.1,15.4,51.1,
Eindhoven,historical,2024-07-15,2024-07-21,7,20.5,30.5,11.9,7.8,52.9,
Leeuwarden,historical,2024-07-15,2024-07-21,7,18.9,27.5,10.7,19.8,49.3,
Rotterdam,historical,2024-07-15,2024-07-21,7,19.7,28.8,12.4,15.5,48.2,
Amsterdam,historical,2024-07-22,2024-07-28,7,17.9,22.4,12.6,11.6,42.1,
De Bilt,historical,2024-07-22,2024-07-28,7,18.2,22.8,11.6,23.3,43.2,
Eindhoven,historical,2024-07-22,2024-07-28,7,19.1,25.4,12.9,23.1,42.8,
Leeuwarden,historical,2024-07-22,2024-07-28,7,17.5,22.2,10.9,24.1,48.2,
Rotterdam,historical,2024-07-22,2024-07-28,7,18.4,23.2,13.4,17.7,41.4,
Amsterdam,historical,2024-07-29,2024-08-04,7,19.6,27.9,12.8,2.7,45.4,
De Bilt,historical,2024-07-29,2024-08-04,7,20.0,28.0,13.2,9.7,40.7,
Eindhoven,historical,2024-07-29,2024-08-04,7,20.6,29.8,13.6,12.8,35.6,
Leeuwarden,historical,2024-07-29,2024-08-04,7,18.2,26.0,10.9,2.2,36.4,
Rotterdam,historical,2024-07-29,2024-08-04,7,20.2,28.0,14.1,9.5,44.3,
Amsterdam,historical,2024-08-05,2024-08-11,7,19.5,26.8,13.4,6.8,58.0,
De Bilt,historical,2024-08-05,2024-08-11,7,19.9,27.7,15.1,8.9,51.8,
Eindhoven,historical,2024-08-05,2024-08-11,7,20.4,28.6,14.1,2.6,57.6,
Leeuwarden,historical,2024-08-05,2024-08-11,7,19.1,26.8,13.0,5.2,57.2,
Rotterdam,historical,2024-08-05,2024-08-11,7,20.1,27.2,15.2,3.8,51.8,
Amsterdam,historical,2024-08-12,2024-08-18,7,20.2,29.6,13.1,16.1,48.6,
De Bilt,historical,2024-08-12,2024-08-18,7,20.8,29.5,14.9,17.0,52.9,
Eindhoven,historical,2024-08-12,2024-08-18,7,21.6,32.2,16.6,23.0,41.8,
Leeuwarden,historical,2024-08-12,2024-08-18,7,19.7,29.4,12.9,24.6,50.0,
Rotterdam,historical,2024-08-12,2024-08-18,7,20.7,30.5,15.1,12.1,49.0,
Amsterdam,historical,2024-08-19,2024-08-25,7,17.8,24.5,13.1,26.0,67.3,
De Bilt,historical,2024-08-19,2024-08-25,7,18.0,25.6,12.4,39.6,80.6,heavy_rain|storm
Eindhoven,historical,2024-08-19,2024-08-25,7,18.6,28.1,11.6,23.3,68.4,
Leeuwarden,historical,2024-08-19,2024-08-25,7,17.6,24.0,13.4,34.9,76.0,heavy_rain|storm
Rotterdam,historical,2024-08-19,2024-08-25,7,18.2,25.1,13.6,30.0,70.2,heavy_rain
Amsterdam,historical,2024-08-26,2024-09-01,7,18.5,27.5,11.6,2.6,49.0,
De Bilt,historical,2024-08-26,2024-09-01,7,19.0,28.2,12.4,1.1,46.1,
Eindhoven,historical,2024-08-26,2024-09-01,7,19.7,30.5,10.5,5.1,40.0,
Leeuwarden,historical,2024-08-26,2024-09-01,7,18.0,27.1,11.9,1.2,44.3,
Rotterdam,historical,2024-08-26,2024-09-01,7,19.0,28.4,13.1,1.6,46.4,
Amsterdam,historical,2024-09-02,2024-09-08,7,20.2,27.0,14.7,16.3,48.2,
De Bilt,historical,2024-09-02,2024-09-08,7,20.6,27.5,14.9,21.1,47.5,
Eindhoven,historical,2024-09-02,2024-09-08,7,20.2,29.1,14.4,23.1,54.4,
Leeuwarden,historical,2024-09-02,2024-09-08,7,20.3,27.8,14.0,41.6,42.8,heavy_rain
Rotterdam,historical,2024-09-02,2024-09-08,7,20.0,27.5,14.2,14.6,46.8,
Amsterdam,historical,2024-09-09,2024-09-15,7,12.9,20.5,7.2,33.4,59.4,heavy_rain
De Bilt,historical,2024-09-09,2024-09-15,7,12.9,20.8,7.2,29.8,60.5,heavy_rain
Eindhoven,historical,2024-09-09,2024-09-15,7,12.7,19.8,6.3,21.3,59.0,
Leeuwarden,historical,2024-09-09,2024-09-15,7,12.9,20.4,7.3,30.6,62.3,
Rotterdam,historical,2024-09-09,2024-09-15,7,13.4,20.4,8.2,35.8,57.2,heavy_rain
Amsterdam,historical,2024-09-16,2024-09-22,7,16.7,22.9,11.9,1.1,44.3,
De Bilt,historical,2024-09-16,2024-09-22,7,16.8,23.1,11.4,2.3,45.7,
Eindhoven,historical,2024-09-16,2024-09-22,7,17.0,24.4,9.1,0.5,46.8,
Leeuwarden,historical,2024-09-16,2024-09-22,7,16.3,22.6,10.2,0.6,41.8,
Rotterdam,historical,2024-09-16,2024-09-22,7,16.9,23.2,12.2,1.2,46.4,
Amsterdam,historical,2024-09-23,2024-09-29,7,13.4,20.5,5.8,47.9,63.7,heavy_rain
De Bilt,historical,2024-09-23,2024-09-29,7,13.5,20.2,5.9,35.4,75.6,heavy_rain|storm
Eindhoven,historical,2024-09-23,2024-09-29,7,13.6,20.8,4.3,29.1,71.6,
Leeuwarden,historical,2024-09-23,2024-09-29,7,13.4,19.6,6.3,40.5,75.2,heavy_rain|storm
Rotterdam,historical,2024-09-23,2024-09-29,7,13.6,20.0,6.4,59.1,68.8,heavy_rain
Amsterdam,historical,2024-09-30,2024-10-06,7,10.7,15.1,3.2,39.2,49.0,heavy_rain
De Bilt,historical,2024-09-30,2024-10-06,7,10.8,15.0,3.4,24.0,51.8,
Eindhoven,historical,2024-09-30,2024-10-06,7,10.7,16.1,3.0,9.3,59.8,
Leeuwarden,historical,2024-09-30,2024-10-06,7,10.7,14.6,3.2,20.1,60.5,heavy_rain
Rotterdam,historical,2024-09-30,2024-10-06,7,11.0,15.4,4.2,18.7,54.0,
Amsterdam,historical,2024-10-07,2024-10-13,7,11.8,17.5,4.7,11.5,58.3,
De Bilt,historical,2024-10-07,2024-10-13,7,11.9,17.6,5.2,15.8,52.6,
Eindhoven,historical,2024-10-07,2024-10-13,7,12.4,18.6,4.2,34.7,54.0,heavy_rain
Leeuwarden,historical,2024-10-07,2024-10-13,7,11.6,17.2,5.0,18.1,62.6,
Rotterdam,historical,2024-10-07,2024-10-13,7,12.2,17.8,6.0,19.4,53.6,
Amsterdam,historical,2024-10-14,2024-10-20,7,13.2,20.3,5.0,6.6,61.6,
De Bilt,historical,2024-10-14,2024-10-20,7,13.4,20.5,4.9,10.9,64.8,
Eindhoven,historical,2024-10-14,2024-10-20,7,13.6,22.9,4.8,17.4,57.2,
Leeuwarden,historical,2024-10-14,2024-10-20,7,12.4,18.2,2.5,21.7,59.0,heavy_rain
Rotterdam,historical,2024-10-14,2024-10-20,7,13.5,21.2,5.2,14.6,65.9,
Amsterdam,historical,2024-10-21,2024-10-27,7,12.5,18.9,6.8,13.0,48.6,
De Bilt,historical,2024-10-21,2024-10-27,7,12.7,18.8,7.0,15.6,52.9,
Eindhoven,historical,2024-10-21,2024-10-27,7,12.8,20.5,6.6,36.6,44.6,heavy_rain
Leeuwarden,historical,2024-10-21,2024-10-27,7,12.0,18.0,6.9,16.1,51.8,
Rotterdam,historical,2024-10-21,2024-10-27,7,12.8,19.2,7.3,15.0,51.8,
Amsterdam,historical,2024-10-28,2024-11-03,7,11.4,15.9,2.2,4.8,43.9,
De Bilt,historical,2024-10-28,2024-11-03,7,10.9,14.9,2.5,3.3,42.8,
Eindhoven,historical,2024-10-28,2024-11-03,7,10.8,15.6,3.0,8.1,42.1,
Leeuwarden,historical,2024-10-28,2024-11-03,7,11.4,15.8,1.9,5.0,44.3,
Rotterdam,historical,2024-10-28,2024-11-03,7,11.3,15.4,4.4,3.7,48.2,
Amsterdam,historical,2024-11-04,2024-11-10,7,6.9,12.3,2.8,0.6,27.0,
De Bilt,historical,2024-11-04,2024-11-10,7,6.9,11.8,3.7,0.2,27.7,
Eindhoven,historical,2024-11-04,2024-11-10,7,7.1,13.4,1.4,0.2,26.3,
Leeuwarden,historical,2024-11-04,2024-11-10,7,6.6,11.4,1.6,0.6,32.8,
Rotterdam,historical,2024-11-04,2024-11-10,7,7.6,12.3,3.7,0.4,28.8,
Amsterdam,historical,2024-11-11,2024-11-17,7,9.3,12.0,4.9,11.2,43.9,
De Bilt,historical,2024-11-11,2024-11-17,7,8.8,11.8,3.9,13.4,46.8,
Eindhoven,historical,2024-11-11,2024-11-17,7,8.3,12.1,4.3,8.5,47.9,
Leeuwarden,historical,2024-11-11,2024-11-17,7,9.4,12.0,4.3,14.3,55.4,
Rotterdam,historical,2024-11-11,2024-11-17,7,9.3,12.4,3.5,16.6,45.7,snow
Amsterdam,historical,2024-11-18,2024-11-24,7,4.6,17.6,-1.5,63.6,65.5,snow
De Bilt,historical,2024-11-18,2024-11-24,7,4.5,17.0,-0.4,45.4,63.7,snow
Eindhoven,historical,2024-11-18,2024-11-24,7,4.7,17.4,-1.9,48.5,70.2,heavy_rain|snow
Leeuwarden,historical,2024-11-18,2024-11-24,7,4.6,15.9,-0.1,66.1,79.9,snow|storm
Rotterdam,historical,2024-11-18,2024-11-24,7,5.6,17.4,1.3,60.8,68.0,snow
Amsterdam,historical,2024-11-25,2024-12-01,7,6.9,16.8,0.8,23.0,81.7,storm
De Bilt,historical,2024-11-25,2024-12-01,7,6.7,16.6,0.1,19.6,72.7,
Eindhoven,historical,2024-11-25,2024-12-01,7,6.5,16.5,-0.6,12.4,65.2,
Leeuwarden,historical,2024-11-25,2024-12-01,7,6.7,16.3,0.9,28.3,105.1,storm
Rotterdam,historical,2024-11-25,2024-12-01,7,7.1,16.5,1.8,26.8,69.8,
Amsterdam,historical,2024-12-02,2024-12-08,7,7.0,10.6,3.5,39.2,78.5,storm
De Bilt,historical,2024-12-02,2024-12-08,7,6.8,10.8,2.2,40.2,72.4,heavy_rain
Eindhoven,historical,2024-12-02,2024-12-08,7,6.6,11.8,2.2,24.6,80.3,storm
Leeuwarden,historical,2024-12-02,2024-12-08,7,6.8,10.6,2.7,40.7,96.1,storm
Rotterdam,historical,2024-12-02,2024-12-08,7,7.3,10.9,4.1,41.4,70.9,
Amsterdam,historical,2024-12-09,2024-12-15,7,4.8,10.9,0.3,2.5,55.4,
De Bilt,historical,2024-12-09,2024-12-15,7,4.5,10.6,0.2,1.7,50.4,
Eindhoven,historical,2024-12-09,2024-12-15,7,3.8,9.9,-1.9,1.6,46.8,
Leeuwarden,historical,2024-12-09,2024-12-15,7,5.1,10.6,0.9,2.0,60.1,
Rotterdam,historical,2024-12-09,2024-12-15,7,4.8,10.5,0.6,1.9,50.4,
Amsterdam,historical,2024-12-16,2024-12-22,7,8.3,13.1,3.6,34.9,73.1,snow
De Bilt,historical,2024-12-16,2024-12-22,7,7.8,13.2,2.2,36.7,72.0,snow
Eindhoven,historical,2024-12-16,2024-12-22,7,7.7,12.9,2.2,27.4,72.0,snow
Leeuwarden,historical,2024-12-16,2024-12-22,7,8.1,12.8,3.7,29.2,81.0,snow|storm
Rotterdam,historical,2024-12-16,2024-12-22,7,8.1,13.4,3.5,31.2,77.8,snow|storm
Amsterdam,historical,2024-12-23,2024-12-29,7,5.9,10.4,1.5,3.3,54.0,
De Bilt,historical,2024-12-23,2024-12-29,7,5.0,9.7,0.1,5.7,48.6,snow
Eindhoven,historical,2024-12-23,2024-12-29,7,3.8,9.1,-0.9,7.1,46.8,snow
Leeuwarden,historical,2024-12-23,2024-12-29,7,5.8,10.6,-0.6,6.9,63.4,snow
Rotterdam,historical,2024-12-23,2024-12-29,7,5.8,10.1,1.8,4.1,64.1,
Amsterdam,historical,2024-12-30,2025-01-05,7,4.9,11.3,0.1,42.6,91.4,snow|storm
De Bilt,historical,2024-12-30,2025-01-05,7,4.3,11.1,-0.2,37.7,71.3,snow
Eindhoven,historical,2024-12-30,2025-01-05,7,3.5,11.5,-0.3,42.1,76.0,snow|storm
Leeuwarden,historical,2024-12-30,2025-01-05,7,4.7,10.6,-0.2,40.8,98.3,snow|storm
Rotterdam,historical,2024-12-30,2025-01-05,7,4.8,11.6,0.4,47.6,73.4,snow
Amsterdam,historical,2025-01-06,2025-01-12,7,3.6,12.3,-1.1,19.4,78.1,snow|storm
De Bilt,historical,2025-01-06,2025-01-12,7,3.1,12.1,-1.8,17.6,79.9,snow|storm
Eindhoven,historical,2025-01-06,2025-01-12,7,2.6,12.4,-2.9,24.6,83.2,snow|storm
Leeuwarden,historical,2025-01-06,2025-01-12,7,3.9,12.1,-1.2,17.2,92.5,snow|storm
Rotterdam,historical,2025-01-06,2025-01-12,7,3.7,12.3,-0.5,17.9,85.0,snow|storm
Amsterdam,historical,2025-01-13,2025-01-19,7,2.4,8.7,-2.3,0.2,39.2,
De Bilt,historical,2025-01-13,2025-01-19,7,1.4,6.1,-2.6,0.1,32.0,
Eindhoven,historical,2025-01-13,2025-01-19,7,0.8,7.2,-5.3,0.6,23.0,
Leeuwarden,historical,2025-01-13,2025-01-19,7,2.4,7.4,-3.1,0.4,37.8,
Rotterdam,historical,2025-01-13,2025-01-19,7,2.5,9.1,-1.5,0.1,33.1,
Amsterdam,historical,2025-01-20,2025-01-26,7,3.2,10.1,-1.4,17.7,59.4,snow
De Bilt,historical,2025-01-20,2025-01-26,7,3.1,9.6,-2.1,23.0,60.5,snow
Eindhoven,historical,2025-01-20,2025-01-26,7,3.4,9.9,-2.2,36.2,59.8,snow
Leeuwarden,historical,2025-01-20,2025-01-26,7,3.1,9.3,-2.9,14.8,73.4,snow
Rotterdam,historical,2025-01-20,2025-01-26,7,3.4,9.9,-1.2,21.4,65.9,
Amsterdam,historical,2025-01-27,2025-02-02,7,4.6,10.6,-3.2,11.9,65.5,
De Bilt,historical,2025-01-27,2025-02-02,7,4.5,10.6,-2.5,19.4,67.0,
Eindhoven,historical,2025-01-27,2025-02-02,7,4.6,11.5,-3.4,14.2,73.1,
Leeuwarden,historical,2025-01-27,2025-02-02,7,4.3,10.1,-2.5,14.9,69.8,snow
Rotterdam,historical,2025-01-27,2025-02-02,7,5.0,10.6,-2.1,15.7,72.7,
Amsterdam,historical,2025-02-03,2025-02-09,7,3.1,8.3,-3.0,0.0,67.7,
De Bilt,historical,2025-02-03,2025-02-09,7,3.0,8.6,-2.7,0.1,64.1,
Eindhoven,historical,2025-02-03,2025-02-09,7,2.8,9.6,-3.2,0.1,59.0,
Leeuwarden,historical,2025-02-03,2025-02-09,7,2.9,8.3,-2.8,0.2,61.2,
Rotterdam,historical,2025-02-03,2025-02-09,7,3.4,8.6,-2.3,0.0,68.0,
Amsterdam,historical,2025-02-10,2025-02-16,7,1.6,5.4,-1.5,23.3,51.1,snow
De Bilt,historical,2025-02-10,2025-02-16,7,1.5,5.6,-2.2,20.7,45.0,snow
Eindhoven,historical,2025-02-10,2025-02-16,7,1.6,6.0,-2.8,12.2,44.3,snow
Leeuwarden,historical,2025-02-10,2025-02-16,7,0.7,3.7,-3.2,17.4,56.5,snow
Rotterdam,historical,2025-02-10,2025-02-16,7,1.6,6.2,-1.8,14.0,49.3,snow
Amsterdam,historical,2025-02-17,2025-02-23,7,5.2,17.2,-4.1,6.5,52.2,
De Bilt,historical,2025-02-17,2025-02-23,7,5.2,17.4,-4.6,9.7,48.2,
Eindhoven,historical,2025-02-17,2025-02-23,7,5.7,18.1,-3.9,3.0,44.3,
Leeuwarden,historical,2025-02-17,2025-02-23,7,4.1,16.7,-5.8,7.5,48.6,
Rotterdam,historical,2025-02-17,2025-02-23,7,5.5,17.2,-3.6,10.9,43.6,
Amsterdam,historical,2025-02-24,2025-03-02,7,6.0,11.6,-2.3,13.3,44.3,
De Bilt,historical,2025-02-24,2025-03-02,7,6.1,11.6,-0.6,14.7,51.1,snow
Eindhoven,historical,2025-02-24,2025-03-02,7,6.2,13.2,-1.8,19.6,46.8,
Leeuwarden,historical,2025-02-24,2025-03-02,7,5.5,10.9,-0.2,13.3,51.5,
Rotterdam,historical,2025-02-24,2025-03-02,7,6.2,11.4,0.2,13.9,55.4,snow
Amsterdam,historical,2025-03-03,2025-03-09,7,7.0,18.5,-3.1,0.0,26.3,
De Bilt,historical,2025-03-03,2025-03-09,7,6.9,18.4,-3.8,0.0,26.3,
Eindhoven,historical,2025-03-03,2025-03-09,7,7.8,18.4,-2.0,0.0,29.2,
Leeuwarden,historical,2025-03-03,2025-03-09,7,7.0,17.8,-0.8,0.0,40.0,
Rotterdam,historical,2025-03-03,2025-03-09,7,7.5,17.5,-1.8,0.0,25.9,
Amsterdam,historical,2025-03-10,2025-03-16,7,4.3,14.4,-1.3,3.7,39.2,snow
De Bilt,historical,2025-03-10,2025-03-16,7,4.4,15.9,-1.2,3.0,38.9,snow
Eindhoven,historical,2025-03-10,2025-03-16,7,4.4,17.0,-1.9,2.7,43.9,
Leeuwarden,historical,2025-03-10,2025-03-16,7,3.7,12.5,-1.6,2.9,41.4,
Rotterdam,historical,2025-03-10,2025-03-16,7,4.9,15.6,-0.3,3.6,43.6,snow
Amsterdam,historical,2025-03-17,2025-03-23,7,9.1,20.6,-1.1,3.6,42.1,
De Bilt,historical,2025-03-17,2025-03-23,7,9.3,20.4,-1.0,0.7,48.6,
Eindhoven,historical,2025-03-17,2025-03-23,7,9.8,21.1,-0.9,1.6,46.4,
Leeuwarden,historical,2025-03-17,2025-03-23,7,7.5,18.6,-2.5,5.6,54.0,
Rotterdam,historical,2025-03-17,2025-03-23,7,9.6,19.9,-0.1,3.5,43.2,
Amsterdam,historical,2025-03-24,2025-03-30,7,8.2,13.9,1.8,1.4,59.0,
De Bilt,historical,2025-03-24,2025-03-30,7,8.3,14.1,0.9,1.9,61.9,
Eindhoven,historical,2025-03-24,2025-03-30,7,9.0,15.6,1.2,2.8,59.0,
Leeuwarden,historical,2025-03-24,2025-03-30,7,7.8,13.6,2.5,3.8,74.5,
Rotterdam,historical,2025-03-24,2025-03-30,7,8.5,14.4,2.4,1.9,60.1,
Amsterdam,historical,2025-03-31,2025-04-06,7,9.8,19.5,2.5,0.0,48.6,
De Bilt,historical,2025-03-31,2025-04-06,7,10.1,20.6,2.3,0.0,49.7,
Eindhoven,historical,2025-03-31,2025-04-06,7,11.0,22.3,2.8,0.0,56.5,
Leeuwarden,historical,2025-03-31,2025-04-06,7,8.3,17.4,1.6,0.0,46.8,
Rotterdam,historical,2025-03-31,2025-04-06,7,10.4,20.6,3.2,0.0,59.8,
Amsterdam,historical,2025-04-07,2025-04-13,7,9.7,21.0,2.3,3.6,39.6,
De Bilt,historical,2025-04-07,2025-04-13,7,10.0,20.5,1.5,3.4,49.3,
Eindhoven,historical,2025-04-07,2025-04-13,7,11.0,23.4,2.0,2.2,53.3,
Leeuwarden,historical,2025-04-07,2025-04-13,7,8.5,20.0,-0.4,3.5,50.8,
Rotterdam,historical,2025-04-07,2025-04-13,7,10.7,22.7,3.0,2.7,47.9,
Amsterdam,historical,2025-04-14,2025-04-20,7,10.7,19.7,4.1,6.2,37.1,
De Bilt,historical,2025-04-14,2025-04-20,7,10.9,19.9,4.4,18.7,34.9,heavy_rain
Eindhoven,historical,2025-04-14,2025-04-20,7,11.3,20.5,4.4,26.3,41.4,
Leeuwarden,historical,2025-04-14,2025-04-20,7,10.1,21.5,3.5,13.6,46.1,
Rotterdam,historical,2025-04-14,2025-04-20,7,11.8,20.2,5.6,2.2,44.6,
Amsterdam,historical,2025-04-21,2025-04-27,7,11.3,19.4,5.2,22.3,37.8,
De Bilt,historical,2025-04-21,2025-04-27,7,11.6,19.2,5.2,37.0,34.6,heavy_rain
Eindhoven,historical,2025-04-21,2025-04-27,7,12.1,19.8,5.6,22.3,31.7,
Leeuwarden,historical,2025-04-21,2025-04-27,7,10.0,18.5,3.8,9.9,38.2,
Rotterdam,historical,2025-04-21,2025-04-27,7,12.0,19.9,6.2,20.2,40.0,
Amsterdam,historical,2025-04-28,2025-05-04,7,14.6,26.5,7.0,0.7,41.4,
De Bilt,historical,2025-04-28,2025-05-04,7,14.9,26.1,7.2,0.7,39.6,
Eindhoven,historical,2025-04-28,2025-05-04,7,16.6,29.6,7.0,0.9,45.4,
Leeuwarden,historical,2025-04-28,2025-05-04,7,12.9,24.8,4.6,0.8,49.7,
Rotterdam,historical,2025-04-28,2025-05-04,7,16.1,28.0,7.8,0.8,45.0,
Amsterdam,historical,2025-05-05,2025-05-11,7,12.3,23.9,3.9,1.0,46.4,
De Bilt,historical,2025-05-05,2025-05-11,7,12.5,22.8,4.2,0.8,43.2,
Eindhoven,historical,2025-05-05,2025-05-11,7,13.5,25.1,4.0,0.5,49.3,
Leeuwarden,historical,2025-05-05,2025-05-11,7,11.3,23.3,5.1,0.9,50.0,
Rotterdam,historical,2025-05-05,2025-05-11,7,13.2,25.0,5.7,1.1,45.0,
Amsterdam,historical,2025-05-12,2025-05-18,7,14.5,24.0,7.0,0.3,43.9,
De Bilt,historical,2025-05-12,2025-05-18,7,14.5,23.1,6.5,1.1,44.3,
Eindhoven,historical,2025-05-12,2025-05-18,7,15.6,24.8,6.5,0.7,44.3,
Leeuwarden,historical,2025-05-12,2025-05-18,7,12.9,20.6,7.3,0.4,44.6,
Rotterdam,historical,2025-05-12,2025-05-18,7,15.1,24.0,8.4,0.8,46.4,
Amsterdam,historical,2025-05-19,2025-05-25,7,12.8,20.2,7.8,16.7,60.5,
De Bilt,historical,2025-05-19,2025-05-25,7,12.8,20.6,7.6,12.9,57.6,
Eindhoven,historical,2025-05-19,2025-05-25,7,13.8,22.5,5.8,13.3,59.0,
Leeuwarden,historical,2025-05-19,2025-05-25,7,12.1,18.8,6.9,10.7,62.3,
Rotterdam,historical,2025-05-19,2025-05-25,7,13.6,21.6,8.8,10.8,65.2,
Amsterdam,historical,2025-05-26,2025-06-01,7,15.3,24.4,9.9,32.6,54.4,heavy_rain
De Bilt,historical,2025-05-26,2025-06-01,7,15.6,24.4,9.1,49.4,52.9,heavy_rain
Eindhoven,historical,2025-05-26,2025-06-01,7,16.7,27.1,9.6,27.5,62.6,
Leeuwarden,historical,2025-05-26,2025-06-01,7,14.9,23.0,8.2,21.6,59.0,
Rotterdam,historical,2025-05-26,2025-06-01,7,15.7,24.2,10.9,29.8,63.0,heavy_rain
Amsterdam,historical,2025-06-02,2025-06-08,7,14.4,21.4,9.8,46.5,64.1,heavy_rain
De Bilt,historical,2025-06-02,2025-06-08,7,14.6,22.1,10.1,34.1,61.9,
Eindhoven,historical,2025-06-02,2025-06-08,7,15.5,23.8,9.9,24.6,63.0,
Leeuwarden,historical,2025-06-02,2025-06-08,7,13.9,21.0,9.6,85.0,64.1,heavy_rain
Rotterdam,historical,2025-06-02,2025-06-08,7,15.0,22.8,10.5,35.9,60.8,
Amsterdam,historical,2025-06-09,2025-06-15,7,17.8,29.6,9.1,8.9,60.1,
De Bilt,historical,2025-06-09,2025-06-15,7,18.1,30.3,8.9,7.8,60.1,
Eindhoven,historical,2025-06-09,2025-06-15,7,19.8,34.0,8.4,6.2,55.4,
Leeuwarden,historical,2025-06-09,2025-06-15,7,16.8,28.0,9.2,9.1,75.6,storm
Rotterdam,historical,2025-06-09,2025-06-15,7,18.1,29.7,9.6,11.9,59.0,
Amsterdam,historical,2025-06-16,2025-06-22,7,19.0,29.1,12.0,0.6,45.0,
De Bilt,historical,2025-06-16,2025-06-22,7,19.4,28.1,11.2,0.5,41.4,
Eindhoven,historical,2025-06-16,2025-06-22,7,21.9,32.2,12.1,4.7,46.1,
Leeuwarden,historical,2025-06-16,2025-06-22,7,18.0,29.1,9.8,0.4,50.4,
Rotterdam,historical,2025-06-16,2025-06-22,7,20.5,31.3,13.2,2.6,47.9,
Amsterdam,historical,2025-06-23,2025-06-29,7,19.2,24.6,14.4,10.8,63.4,
De Bilt,historical,2025-06-23,2025-06-29,7,19.4,25.1,14.1,10.6,60.5,
Eindhoven,historical,2025-06-23,2025-06-29,7,21.2,29.9,13.3,13.3,71.3,
Leeuwarden,historical,2025-06-23,2025-06-29,7,18.3,23.9,14.6,18.5,67.3,
Rotterdam,historical,2025-06-23,2025-06-29,7,19.7,25.3,14.8,13.0,66.6,
Amsterdam,historical,2025-06-30,2025-07-06,7,20.4,34.8,12.5,16.3,52.6,
De Bilt,historical,2025-06-30,2025-07-06,7,20.4,34.2,11.2,24.2,59.0,heavy_rain
Eindhoven,historical,2025-06-30,2025-07-06,7,22.7,38.1,11.4,28.8,48.6,
Leeuwarden,historical,2025-06-30,2025-07-06,7,20.0,33.2,11.4,11.3,57.6,
Rotterdam,historical,2025-06-30,2025-07-06,7,21.3,36.5,13.4,38.7,57.2,heavy_rain
Amsterdam,historical,2025-07-07,2025-07-13,7,17.8,24.9,11.9,11.4,50.0,
De Bilt,historical,2025-07-07,2025-07-13,7,17.7,24.9,12.2,11.2,46.4,
Eindhoven,historical,2025-07-07,2025-07-13,7,18.7,27.4,11.6,6.9,47.9,
Leeuwarden,historical,2025-07-07,2025-07-13,7,17.2,22.3,13.1,18.5,52.2,heavy_rain
Rotterdam,historical,2025-07-07,2025-07-13,7,18.0,24.2,12.6,9.2,50.8,
Amsterdam,historical,2025-07-14,2025-07-20,7,19.2,28.3,13.1,28.5,47.5,heavy_rain
De Bilt,historical,2025-07-14,2025-07-20,7,19.2,27.5,12.6,31.5,45.7,heavy_rain
Eindhoven,historical,2025-07-14,2025-07-20,7,21.0,32.5,12.6,11.3,54.4,
Leeuwarden,historical,2025-07-14,2025-07-20,7,19.3,27.5,12.6,39.4,43.6,heavy_rain
Rotterdam,historical,2025-07-14,2025-07-20,7,20.0,31.1,14.4,13.5,51.5,
Amsterdam,historical,2025-07-21,2025-07-27,7,18.6,23.0,14.6,31.4,44.6,
De Bilt,historical,2025-07-21,2025-07-27,7,18.6,23.8,14.0,27.9,45.0,
Eindhoven,historical,2025-07-21,2025-07-27,7,19.4,26.6,13.9,25.7,52.9,
Leeuwarden,historical,2025-07-21,2025-07-27,7,18.5,22.6,13.9,23.6,44.3,
Rotterdam,historical,2025-07-21,2025-07-27,7,18.9,23.4,15.8,25.3,46.4,
Amsterdam,historical,2025-07-28,2025-08-03,7,17.0,20.8,13.6,28.0,46.4,
De Bilt,historical,2025-07-28,2025-08-03,7,17.1,21.5,13.4,28.4,47.5,
Eindhoven,historical,2025-07-28,2025-08-03,7,17.8,24.4,13.2,15.8,49.7,
Leeuwarden,historical,2025-07-28,2025-08-03,7,16.9,20.2,14.1,24.5,55.4,
Rotterdam,historical,2025-07-28,2025-08-03,7,17.8,21.7,13.4,22.6,51.5,
Amsterdam,historical,2025-08-04,2025-08-10,7,18.0,22.4,12.2,10.1,65.5,
De Bilt,historical,2025-08-04,2025-08-10,7,18.2,23.3,11.8,5.5,52.9,
Eindhoven,historical,2025-08-04,2025-08-10,7,19.6,26.9,12.2,5.5,55.4,
Leeuwarden,historical,2025-08-04,2025-08-10,7,17.4,23.5,12.1,9.4,64.1,
Rotterdam,historical,2025-08-04,2025-08-10,7,18.7,24.5,12.6,6.3,60.5,
Amsterdam,historical,2025-08-11,2025-08-17,7,20.5,30.5,12.1,1.9,37.4,
De Bilt,historical,2025-08-11,2025-08-17,7,20.8,30.1,11.8,1.9,37.8,
Eindhoven,historical,2025-08-11,2025-08-17,7,23.1,34.5,11.1,0.7,40.3,
Leeuwarden,historical,2025-08-11,2025-08-17,7,20.3,31.9,10.5,1.4,40.7,
Rotterdam,historical,2025-08-11,2025-08-17,7,21.5,30.6,13.2,3.3,40.0,
Amsterdam,historical,2025-08-18,2025-08-24,7,16.6,24.5,9.2,2.0,40.7,
De Bilt,historical,2025-08-18,2025-08-24,7,16.7,25.5,8.6,2.4,45.0,
Eindhoven,historical,2025-08-18,2025-08-24,7,18.2,28.9,7.7,0.5,49.3,
Leeuwarden,historical,2025-08-18,2025-08-24,7,16.4,23.0,10.8,1.2,45.4,
Rotterdam,historical,2025-08-18,2025-08-24,7,17.8,26.7,10.8,1.4,47.2,
Amsterdam,historical,2025-08-25,2025-08-31,7,17.9,26.1,10.4,10.7,45.4,
De Bilt,historical,2025-08-25,2025-08-31,7,17.8,26.4,9.1,4.2,50.8,
Eindhoven,historical,2025-08-25,2025-08-31,7,19.2,29.2,8.7,11.7,51.5,
Leeuwarden,historical,2025-08-25,2025-08-31,7,18.0,25.2,11.2,12.0,44.6,
Rotterdam,historical,2025-08-25,2025-08-31,7,18.5,28.9,11.5,16.3,52.9,
Amsterdam,historical,2025-09-01,2025-09-07,7,17.7,25.7,10.6,9.3,64.1,
De Bilt,historical,2025-09-01,2025-09-07,7,17.7,25.2,9.7,8.4,76.0,storm
Eindhoven,historical,2025-09-01,2025-09-07,7,18.4,27.6,10.2,7.8,68.4,
Leeuwarden,historical,2025-09-01,2025-09-07,7,17.2,25.2,9.7,16.0,66.6,
Rotterdam,historical,2025-09-01,2025-09-07,7,18.0,27.0,11.3,8.5,76.7,storm
Amsterdam,historical,2025-09-08,2025-09-14,7,14.9,21.0,8.6,24.1,55.4,
De Bilt,historical,2025-09-08,2025-09-14,7,15.2,22.0,8.9,33.8,55.4,heavy_rain
Eindhoven,historical,2025-09-08,2025-09-14,7,15.9,26.0,9.8,52.8,59.0,heavy_rain
Leeuwarden,historical,2025-09-08,2025-09-14,7,14.7,20.9,9.0,32.6,57.6,
Rotterdam,historical,2025-09-08,2025-09-14,7,15.7,21.9,10.9,19.7,58.3,
Amsterdam,historical,2025-09-15,2025-09-21,7,16.7,24.0,11.6,44.0,84.6,heavy_rain|storm
De Bilt,historical,2025-09-15,2025-09-21,7,16.5,24.4,11.4,32.1,78.5,storm
Eindhoven,historical,2025-09-15,2025-09-21,7,17.4,25.9,11.4,10.1,73.8,
Leeuwarden,historical,2025-09-15,2025-09-21,7,16.5,23.0,11.9,43.1,83.9,heavy_rain|storm
Rotterdam,historical,2025-09-15,2025-09-21,7,17.0,25.5,12.1,18.3,83.2,storm
Amsterdam,historical,2025-09-22,2025-09-28,7,12.1,18.3,7.6,0.5,57.2,
De Bilt,historical,2025-09-22,2025-09-28,7,12.0,18.5,7.2,0.6,52.6,
Eindhoven,historical,2025-09-22,2025-09-28,7,12.1,19.3,7.3,0.8,54.7,
Leeuwarden,historical,2025-09-22,2025-09-28,7,12.2,18.4,6.7,1.4,49.3,
Rotterdam,historical,2025-09-22,2025-09-28,7,12.3,18.6,7.8,0.9,55.1,
Amsterdam,historical,2025-09-29,2025-10-05,7,12.0,17.2,6.6,56.3,72.0,heavy_rain
De Bilt,historical,2025-09-29,2025-10-05,7,11.9,17.6,6.2,48.9,74.9,heavy_rain
Eindhoven,historical,2025-09-29,2025-10-05,7,12.2,18.8,6.6,26.4,70.2,heavy_rain
Leeuwarden,historical,2025-09-29,2025-10-05,7,11.8,17.1,6.8,45.0,78.5,storm
Rotterdam,historical,2025-09-29,2025-10-05,7,12.7,17.6,7.9,37.5,81.4,storm
Amsterdam,historical,2025-10-06,2025-10-12,7,14.3,17.6,10.1,2.4,37.8,
De Bilt,historical,2025-10-06,2025-10-12,7,14.1,17.8,9.8,2.9,42.5,
Eindhoven,historical,2025-10-06,2025-10-12,7,14.1,17.8,10.4,1.2,41.4,
Leeuwarden,historical,2025-10-06,2025-10-12,7,14.1,17.9,11.5,3.4,46.8,
Rotterdam,historical,2025-10-06,2025-10-12,7,14.3,17.5,11.5,1.6,47.2,
Amsterdam,historical,2025-10-13,2025-10-19,7,12.1,16.4,6.6,3.3,35.3,
De Bilt,historical,2025-10-13,2025-10-19,7,12.1,16.0,6.7,2.3,36.7,
Eindhoven,historical,2025-10-13,2025-10-19,7,12.0,15.8,7.3,2.7,31.7,
Leeuwarden,historical,2025-10-13,2025-10-19,7,11.9,15.8,5.3,3.0,43.2,
Rotterdam,historical,2025-10-13,2025-10-19,7,12.6,16.2,8.1,2.1,38.9,
Amsterdam,historical,2025-10-20,2025-10-26,7,11.4,16.6,6.8,67.1,75.2,storm
De Bilt,historical,2025-10-20,2025-10-26,7,11.2,16.9,5.9,52.4,72.0,heavy_rain
Eindhoven,historical,2025-10-20,2025-10-26,7,11.2,18.0,5.2,35.5,72.7,
Leeuwarden,historical,2025-10-20,2025-10-26,7,11.2,16.2,7.7,63.8,78.5,heavy_rain|snow|storm
Rotterdam,historical,2025-10-20,2025-10-26,7,11.5,16.4,6.3,57.5,76.0,storm
Amsterdam,historical,2025-10-27,2025-11-02,7,10.8,13.4,8.1,44.1,58.7,heavy_rain
De Bilt,historical,2025-10-27,2025-11-02,7,10.6,13.4,7.6,45.7,59.4,heavy_rain
Eindhoven,historical,2025-10-27,2025-11-02,7,10.7,14.2,7.2,21.3,63.4,
Leeuwarden,historical,2025-10-27,2025-11-02,7,10.5,13.2,7.7,35.3,64.8,
Rotterdam,historical,2025-10-27,2025-11-02,7,11.1,13.6,8.4,38.6,60.5,heavy_rain
Amsterdam,historical,2025-11-03,2025-11-09,7,11.3,15.9,6.1,0.7,52.6,
De Bilt,historical,2025-11-03,2025-11-09,7,11.1,16.1,5.8,0.9,47.9,
Eindhoven,historical,2025-11-03,2025-11-09,7,11.2,16.9,6.0,1.5,53.3,
Leeuwarden,historical,2025-11-03,2025-11-09,7,10.9,16.0,6.0,1.3,59.8,
Rotterdam,historical,2025-11-03,2025-11-09,7,11.7,15.9,6.9,0.2,58.0,
Amsterdam,historical,2025-11-10,2025-11-16,7,9.8,15.2,3.0,26.5,41.4,
De Bilt,historical,2025-11-10,2025-11-16,7,9.9,14.9,2.7,22.6,43.2,
Eindhoven,historical,2025-11-10,2025-11-16,7,11.0,15.9,4.6,11.5,41.4,
Leeuwarden,historical,2025-11-10,2025-11-16,7,9.1,15.6,4.3,38.0,53.6,heavy_rain
Rotterdam,historical,2025-11-10,2025-11-16,7,10.5,14.9,4.2,21.4,48.6,
Amsterdam,historical,2025-11-17,2025-11-23,7,3.1,7.7,-0.8,27.8,47.9,snow
De Bilt,historical,2025-11-17,2025-11-23,7,2.9,7.4,-0.9,19.1,52.2,snow
Eindhoven,historical,2025-11-17,2025-11-23,7,2.6,6.9,-2.3,8.1,49.0,snow
Leeuwarden,historical,2025-11-17,2025-11-23,7,3.2,7.7,-1.8,30.4,53.6,snow
Rotterdam,historical,2025-11-17,2025-11-23,7,3.5,7.8,-0.6,31.5,51.1,snow
Amsterdam,historical,2025-11-24,2025-11-30,7,5.8,10.8,-1.0,5.9,47.5,
De Bilt,historical,2025-11-24,2025-11-30,7,5.9,10.4,1.1,18.0,46.4,snow
Eindhoven,historical,2025-11-24,2025-11-30,7,5.8,10.9,0.9,13.9,48.6,
Leeuwarden,historical,2025-11-24,2025-11-30,7,5.8,9.9,-1.5,8.1,57.6,
Rotterdam,historical,2025-11-24,2025-11-30,7,6.3,10.9,-0.2,4.0,46.1,
Amsterdam,historical,2025-12-01,2025-12-07,7,6.6,13.1,2.2,18.9,56.5,
De Bilt,historical,2025-12-01,2025-12-07,7,6.8,13.3,2.7,14.2,58.3,
Eindhoven,historical,2025-12-01,2025-12-07,7,6.9,13.8,2.0,23.1,54.7,
Leeuwarden,historical,2025-12-01,2025-12-07,7,6.2,11.4,2.4,16.2,60.8,
Rotterdam,historical,2025-12-01,2025-12-07,7,6.9,13.6,2.0,14.2,67.7,
Amsterdam,historical,2025-12-08,2025-12-14,7,9.5,13.6,4.0,5.3,58.7,
De Bilt,historical,2025-12-08,2025-12-14,7,9.2,13.4,3.8,4.2,56.2,
Eindhoven,historical,2025-12-08,2025-12-14,7,9.3,14.1,2.8,8.6,55.8,
Leeuwarden,historical,2025-12-08,2025-12-14,7,9.0,12.7,4.0,7.4,64.1,
Rotterdam,historical,2025-12-08,2025-12-14,7,9.6,13.4,4.4,3.6,60.8,
Amsterdam,historical,2025-12-15,2025-12-21,7,7.8,13.1,2.9,7.2,54.0,
De Bilt,historical,2025-12-15,2025-12-21,7,7.9,13.1,2.7,4.9,54.0,
Eindhoven,historical,2025-12-15,2025-12-21,7,8.0,13.4,1.3,8.5,51.8,
Leeuwarden,historical,2025-12-15,2025-12-21,7,7.3,12.6,3.5,6.2,65.9,
Rotterdam,historical,2025-12-15,2025-12-21,7,8.2,13.1,3.4,6.6,58.0,
Amsterdam,historical,2025-12-22,2025-12-28,7,1.6,6.9,-4.1,0.0,56.2,
De Bilt,historical,2025-12-22,2025-12-28,7,1.3,7.3,-4.8,0.0,50.8,
Eindhoven,historical,2025-12-22,2025-12-28,7,1.2,7.2,-4.6,0.0,51.1,
Leeuwarden,historical,2025-12-22,2025-12-28,7,1.4,6.8,-4.8,0.0,54.7,
Rotterdam,historical,2025-12-22,2025-12-28,7,1.8,7.3,-4.0,0.0,56.2,
Amsterdam,historical,2025-12-29,2026-01-04,7,2.9,6.7,-1.8,32.7,59.8,snow
De Bilt,historical,2025-12-29,2026-01-04,7,1.9,5.5,-2.2,42.1,54.0,snow
Eindhoven,historical,2025-12-29,2026-01-04,7,1.0,4.5,-2.9,16.0,54.4,snow
Leeuwarden,historical,2025-12-29,2026-01-04,7,3.6,7.7,0.1,36.4,70.2,snow
Rotterdam,historical,2025-12-29,2026-01-04,7,2.8,6.2,-2.0,19.2,57.6,snow
Amsterdam,historical,2026-01-05,2026-01-11,7,-0.7,2.8,-6.9,26.8,55.1,snow
De Bilt,historical,2026-01-05,2026-01-11,7,-1.3,3.5,-7.2,24.1,55.4,snow
Eindhoven,historical,2026-01-05,2026-01-11,7,-0.9,4.2,-6.4,27.9,55.4,snow
Leeuwarden,historical,2026-01-05,2026-01-11,7,-1.4,2.2,-8.4,34.2,64.1,snow
Rotterdam,historical,2026-01-05,2026-01-11,7,-0.1,3.6,-4.7,35.4,60.5,snow
Amsterdam,historical,2026-01-12,2026-01-18,7,6.2,10.9,0.8,15.7,53.3,
De Bilt,historical,2026-01-12,2026-01-18,7,6.2,11.1,0.6,14.8,50.8,snow
Eindhoven,historical,2026-01-12,2026-01-18,7,7.3,11.9,0.9,14.8,49.3,snow
Leeuwarden,historical,2026-01-12,2026-01-18,7,4.9,9.8,-0.5,23.9,57.2,snow
Rotterdam,historical,2026-01-12,2026-01-18,7,6.9,11.0,1.4,17.0,52.6,
Amsterdam,historical,2026-01-19,2026-01-25,7,2.5,7.4,-1.9,2.0,33.5,
De Bilt,historical,2026-01-19,2026-01-25,7,2.7,7.4,-2.2,0.8,36.4,
Eindhoven,historical,2026-01-19,2026-01-25,7,3.0,9.6,-2.1,1.0,34.9,
Leeuwarden,historical,2026-01-19,2026-01-25,7,0.1,4.8,-3.5,3.0,45.7,snow
Rotterdam,historical,2026-01-19,2026-01-25,7,3.8,8.3,-1.5,1.3,38.2,
Amsterdam,historical,2026-01-26,2026-02-01,7,2.2,8.3,-2.0,10.3,39.2,snow
De Bilt,historical,2026-01-26,2026-02-01,7,2.5,8.7,-2.3,10.0,40.3,snow
Eindhoven,historical,2026-01-26,2026-02-01,7,2.9,9.4,-2.2,9.0,34.2,snow
Leeuwarden,historical,2026-01-26,2026-02-01,7,0.2,3.4,-2.0,12.2,50.8,snow
Rotterdam,historical,2026-01-26,2026-02-01,7,2.9,9.9,-2.2,11.1,39.2,snow
Amsterdam,historical,2026-02-02,2026-02-08,7,3.2,11.3,-3.0,2.6,40.0,
De Bilt,historical,2026-02-02,2026-02-08,7,3.9,11.4,-2.5,2.7,40.7,
Eindhoven,historical,2026-02-02,2026-02-08,7,5.2,12.1,0.3,8.6,47.2,
Leeuwarden,historical,2026-02-02,2026-02-08,7,-0.3,6.1,-5.8,3.9,67.3,
Rotterdam,historical,2026-02-02,2026-02-08,7,4.8,11.7,-1.2,5.4,42.1,
Amsterdam,historical,2026-02-09,2026-02-15,7,3.5,10.1,-3.0,17.0,42.1,snow
De Bilt,historical,2026-02-09,2026-02-15,7,3.7,10.1,-3.7,14.2,45.7,snow
Eindhoven,historical,2026-02-09,2026-02-15,7,4.4,11.3,-4.1,25.4,47.9,snow
Leeuwarden,historical,2026-02-09,2026-02-15,7,1.9,7.7,-3.8,16.7,51.1,snow
Rotterdam,historical,2026-02-09,2026-02-15,7,4.2,10.5,-2.3,16.5,45.0,snow
Amsterdam,historical,2026-02-16,2026-02-22,7,5.2,11.7,0.2,23.3,58.3,snow
De Bilt,historical,2026-02-16,2026-02-22,7,5.0,11.8,0.4,34.9,60.1,snow
Eindhoven,historical,2026-02-16,2026-02-22,7,5.3,12.1,0.1,32.7,57.6,snow
Leeuwarden,historical,2026-02-16,2026-02-22,7,3.8,10.9,-2.5,23.7,61.9,snow
Rotterdam,historical,2026-02-16,2026-02-22,7,5.4,11.6,0.3,24.9,62.6,snow
Amsterdam,historical,2026-02-23,2026-03-01,7,10.2,16.8,3.8,24.5,61.2,snow
De Bilt,historical,2026-02-23,2026-03-01,7,10.4,16.9,3.8,15.6,69.5,
Eindhoven,historical,2026-02-23,2026-03-01,7,11.1,18.1,3.8,10.4,71.3,
Leeuwarden,historical,2026-02-23,2026-03-01,7,9.5,15.6,3.8,14.7,69.8,
Rotterdam,historical,2026-02-23,2026-03-01,7,10.3,17.5,4.4,12.6,69.5,
Amsterdam,historical,2026-03-02,2026-03-08,7,9.5,17.5,3.2,0.1,33.1,
De Bilt,historical,2026-03-02,2026-03-08,7,9.6,17.5,3.2,0.0,34.2,
Eindhoven,historical,2026-03-02,2026-03-08,7,10.5,18.7,4.0,0.0,31.7,
Leeuwarden,historical,2026-03-02,2026-03-08,7,8.4,16.6,1.6,1.3,46.1,
Rotterdam,historical,2026-03-02,2026-03-08,7,10.0,17.8,4.3,0.0,33.8,
Amsterdam,historical,2026-03-09,2026-03-15,7,7.9,15.9,1.8,19.5,69.5,
De Bilt,historical,2026-03-09,2026-03-15,7,7.9,16.2,0.8,16.8,69.1,snow
Eindhoven,historical,2026-03-09,2026-03-15,7,8.1,18.1,-0.1,27.8,61.9,
Leeuwarden,historical,2026-03-09,2026-03-15,7,7.2,14.7,1.2,21.1,82.4,storm
Rotterdam,historical,2026-03-09,2026-03-15,7,8.3,16.5,2.9,16.6,78.1,storm
Amsterdam,historical,2026-03-16,2026-03-22,7,8.3,15.6,1.8,9.3,55.4,snow
De Bilt,historical,2026-03-16,2026-03-22,7,8.4,15.9,1.6,6.7,51.5,snow
Eindhoven,historical,2026-03-16,2026-03-22,7,8.9,16.1,2.5,4.8,50.8,
Leeuwarden,historical,2026-03-16,2026-03-22,7,7.3,14.2,1.6,5.6,56.9,
Rotterdam,historical,2026-03-16,2026-03-22,7,8.9,15.5,2.7,7.8,59.8,
Amsterdam,historical,2026-03-23,2026-03-29,7,6.8,13.6,0.1,36.3,77.4,snow|storm
De Bilt,historical,2026-03-23,2026-03-29,7,6.8,14.0,-0.3,26.1,76.3,snow|storm
Eindhoven,historical,2026-03-23,2026-03-29,7,7.0,16.0,-0.8,14.7,68.4,snow
Leeuwarden,historical,2026-03-23,2026-03-29,7,6.6,12.6,1.0,21.9,78.5,snow|storm
Rotterdam,historical,2026-03-23,2026-03-29,7,7.3,13.7,2.0,27.9,76.7,snow|storm
Amsterdam,historical,2026-03-30,2026-04-05,7,8.7,15.1,3.2,8.0,68.8,
De Bilt,historical,2026-03-30,2026-04-05,7,8.7,15.1,2.5,14.3,62.3,snow
Eindhoven,historical,2026-03-30,2026-04-05,7,8.7,15.2,1.4,15.0,60.5,
Leeuwarden,historical,2026-03-30,2026-04-05,7,8.0,13.8,2.5,8.9,76.0,snow|storm
Rotterdam,historical,2026-03-30,2026-04-05,7,9.1,15.1,4.2,13.2,64.8,snow
Amsterdam,historical,2026-04-06,2026-04-12,7,10.2,20.1,3.3,4.1,52.6,
De Bilt,historical,2026-04-06,2026-04-12,7,10.4,19.5,3.1,4.6,45.4,
Eindhoven,historical,2026-04-06,2026-04-12,7,11.1,23.2,3.3,13.6,48.6,
Leeuwarden,historical,2026-04-06,2026-04-12,7,8.5,17.0,0.9,15.9,59.4,
Rotterdam,historical,2026-04-06,2026-04-12,7,10.6,21.6,4.4,1.3,51.1,
Amsterdam,historical,2026-04-13,2026-04-19,7,11.1,18.3,5.0,3.3,38.9,
De Bilt,historical,2026-04-13,2026-04-19,7,11.2,18.3,3.6,2.8,38.9,
Eindhoven,historical,2026-04-13,2026-04-19,7,12.2,20.5,3.8,5.0,40.3,
Leeuwarden,historical,2026-04-13,2026-04-19,7,10.2,17.4,3.2,2.1,46.1,
Rotterdam,historical,2026-04-13,2026-04-19,7,11.5,19.0,4.8,0.8,40.3,
Amsterdam,historical,2026-04-20,2026-04-26,7,8.8,15.4,3.7,1.8,43.6,
De Bilt,historical,2026-04-20,2026-04-26,7,9.2,16.1,3.5,0.9,36.0,
Eindhoven,historical,2026-04-20,2026-04-26,7,10.8,18.9,3.0,0.5,41.4,
Leeuwarden,historical,2026-04-20,2026-04-26,7,7.7,13.9,2.3,1.5,43.6,
Rotterdam,historical,2026-04-20,2026-04-26,7,10.1,16.8,4.1,1.2,38.9,
Amsterdam,historical,2026-04-27,2026-05-03,7,13.5,22.9,5.0,4.6,49.7,
De Bilt,historical,2026-04-27,2026-05-03,7,13.7,22.4,3.8,16.0,43.9,heavy_rain
Eindhoven,historical,2026-04-27,2026-05-03,7,15.4,25.5,4.5,5.3,52.6,
Leeuwarden,historical,2026-04-27,2026-05-03,7,12.0,22.1,1.7,6.3,49.3,
Rotterdam,historical,2026-04-27,2026-05-03,7,14.6,24.9,5.8,11.9,51.5,
Amsterdam,historical,2026-05-04,2026-05-10,7,12.0,18.0,5.8,4.1,42.1,
De Bilt,historical,2026-05-04,2026-05-10,7,12.5,18.3,7.3,1.8,47.9,
Eindhoven,historical,2026-05-04,2026-05-10,7,12.7,19.1,7.2,21.1,40.3,
Leeuwarden,historical,2026-05-04,2026-05-10,7,11.0,16.4,6.2,0.9,46.1,
Rotterdam,historical,2026-05-04,2026-05-10,7,13.1,19.2,7.3,1.1,42.8,
Amsterdam,historical,2026-05-11,2026-05-17,7,9.1,14.1,5.4,28.9,55.4,
De Bilt,historical,2026-05-11,2026-05-17,7,8.9,15.1,4.6,20.3,54.4,
Eindhoven,historical,2026-05-11,2026-05-17,7,9.0,16.5,3.2,27.7,52.6,
Leeuwarden,historical,2026-05-11,2026-05-17,7,8.5,14.0,3.6,62.2,78.5,storm
Rotterdam,historical,2026-05-11,2026-05-17,7,9.5,14.6,5.9,24.8,55.1,
Amsterdam,historical,2026-05-18,2026-05-24,7,16.1,27.8,7.7,13.2,52.2,
De Bilt,historical,2026-05-18,2026-05-24,7,16.0,27.9,7.2,17.1,51.8,
Eindhoven,historical,2026-05-18,2026-05-24,7,17.2,30.5,7.1,17.0,51.8,
Leeuwarden,historical,2026-05-18,2026-05-24,7,15.4,26.8,7.7,12.2,52.2,
Rotterdam,historical,2026-05-18,2026-05-24,7,16.4,28.0,8.2,10.6,53.3,
Amsterdam,historical,2026-05-25,2026-05-31,7,19.8,29.6,10.6,20.2,42.5,
De Bilt,historical,2026-05-25,2026-05-31,7,19.6,29.5,10.4,12.0,44.3,
Eindhoven,historical,2026-05-25,2026-05-31,7,21.8,32.2,12.8,6.6,52.2,
Leeuwarden,historical,2026-05-25,2026-05-31,7,17.7,28.9,8.5,22.3,47.9,heavy_rain
Rotterdam,historical,2026-05-25,2026-05-31,7,20.9,30.4,12.4,17.9,46.4,heavy_rain
Amsterdam,historical,2026-06-01,2026-06-07,7,16.1,22.9,12.1,50.6,60.1,heavy_rain
De Bilt,historical,2026-06-01,2026-06-07,7,15.7,22.0,11.5,47.6,56.9,
Eindhoven,historical,2026-06-01,2026-06-07,7,16.1,24.0,10.5,40.8,57.2,heavy_rain
Leeuwarden,historical,2026-06-01,2026-06-07,7,16.1,22.1,12.1,39.3,57.6,
Rotterdam,historical,2026-06-01,2026-06-07,7,16.0,22.0,12.2,50.1,64.1,
Amsterdam,historical,2026-06-08,2026-06-08,1,15.5,20.2,13.3,9.1,35.3,
De Bilt,historical,2026-06-08,2026-06-08,1,15.9,20.1,13.3,12.3,35.3,
Eindhoven,historical,2026-06-08,2026-06-08,1,16.2,21.7,11.7,4.2,38.5,
Leeuwarden,historical,2026-06-08,2026-06-08,1,16.1,20.0,13.6,12.1,39.6,
Rotterdam,historical,2026-06-08,2026-06-08,1,15.6,20.3,13.3,6.4,36.4,
